2026-07-18 14:00:30.95 | SUCCESS | SYSTEM   | AKS Price Checker server booted up and ready for requests!
2026-07-18 14:01:59.61 | SUCCESS | SYSTEM   | AKS Price Checker server booted up and ready for requests!
2026-07-18 14:02:20.05 | INFO    | API      | SEARCH REQUEST -> Category: 'phone', Query: 'IPhone 13'
2026-07-18 14:02:21.27 | ERROR   | PARSER   | [GagoGSM] HTML parsing crashed: 'Logger' object has no attribute 'warnings'
2026-07-18 14:02:22.30 | ERROR   | PARSER   | [Cellphone BG] HTML parsing crashed: 'Logger' object has no attribute 'warnings'
2026-07-18 14:02:22.42 | ERROR   | PARSER   | [Smenime] HTML parsing crashed: 'Logger' object has no attribute 'warnings'
2026-07-18 14:02:22.65 | ERROR   | PARSER   | [Alpha Mobile] HTML parsing crashed: 'Logger' object has no attribute 'warnings'
2026-07-18 14:02:23.26 | ERROR   | PARSER   | [Siaifon] HTML parsing crashed: 'Logger' object has no attribute 'warnings'
2026-07-18 14:02:24.12 | ERROR   | PARSER   | [PhoneZona] HTML parsing crashed: 'Logger' object has no attribute 'warnings'
2026-07-18 14:02:26.95 | SUCCESS | API      | SEARCH COMPLETED -> Found 0 items across all sites in 6.9s
2026-07-18 14:03:17.67 | SUCCESS | SYSTEM   | AKS Price Checker server booted up and ready for requests!
2026-07-18 14:03:21.48 | SUCCESS | SYSTEM   | AKS Price Checker server booted up and ready for requests!
2026-07-18 14:03:33.21 | INFO    | API      | SEARCH REQUEST -> Category: 'phone', Query: 'Iphone 13'
2026-07-18 14:03:37.92 | WARNING | PARSER   | [Smenime] Exracter 4 items in 31ms
2026-07-18 14:03:38.28 | WARNING | PARSER   | [GagoGSM] 0 items found in 222ms! (CSS selector 'a.prod-info' broken or empty query)
2026-07-18 14:03:38.32 | WARNING | PARSER   | [Cellphone BG] Exracter 19 items in 347ms
2026-07-18 14:03:38.46 | WARNING | PARSER   | [Alpha Mobile] 0 items found in 69ms! (CSS selector 'a.prod-info' broken or empty query)
2026-07-18 14:03:38.91 | WARNING | PARSER   | [PhoneZona] 0 items found in 288ms! (CSS selector 'a.prod-info' broken or empty query)
2026-07-18 14:03:39.65 | WARNING | PARSER   | [Siaifon] Exracter 60 items in 450ms
2026-07-18 14:03:40.63 | SUCCESS | API      | SEARCH COMPLETED -> Found 83 items across all sites in 7.42s
2026-07-18 14:04:28.71 | SUCCESS | SYSTEM   | AKS Price Checker server booted up and ready for requests!
2026-07-18 14:54:26.70 | SUCCESS | SYSTEM   | AKS Price Checker server booted up and ready for requests!
2026-07-18 15:08:25.30 | SUCCESS | SYSTEM   | AKS Price Checker server booted up and ready for requests!
2026-07-18 15:10:02.30 | SUCCESS | SYSTEM   | AKS Price Checker server booted up and ready for requests!
2026-07-18 15:10:03.13 | SUCCESS | SYSTEM   | AKS Price Checker server booted up and ready for requests!
2026-07-18 15:10:09.25 | INFO    | API      | SEARCH REQUEST -> Category: 'phone', Query: 'Iphone 13'
2026-07-18 15:10:10.52 | INFO    | PARSER   | [GagoGSM] Exracted 28 items in 226ms
2026-07-18 15:10:11.03 | INFO    | PARSER   | [Cellphone BG] Exracted 19 items in 240ms
2026-07-18 15:10:11.36 | INFO    | PARSER   | [Alpha Mobile] Exracted 50 items in 130ms
2026-07-18 15:10:13.22 | WARNING | PARSER   | [Siaifon] 0 items found in 1346ms! (CSS selector '.product-thumb h4 a, .caption a, .name a, h4 a, .product-title a, a.prod-info' broken or empty query)
2026-07-18 15:10:14.01 | INFO    | PARSER   | [PhoneZona] Exracted 15 items in 716ms
2026-07-18 15:10:53.50 | INFO    | API      | SEARCH REQUEST -> Category: 'phone', Query: 'IPhone 13'
2026-07-18 15:10:54.83 | INFO    | PARSER   | [Alpha Mobile] Exracted 50 items in 198ms
2026-07-18 15:10:54.98 | WARNING | PARSER   | [Smenime] 0 items found in 41ms! (CSS selector '.product-thumb h4 a, .caption a, .name a, h4 a, .product-title a, a.prod-info' broken or empty query)
2026-07-18 15:10:55.09 | INFO    | PARSER   | [Cellphone BG] Exracted 19 items in 261ms
2026-07-18 15:10:55.36 | INFO    | PARSER   | [GagoGSM] Exracted 28 items in 174ms
2026-07-18 15:10:56.06 | INFO    | PARSER   | [PhoneZona] Exracted 15 items in 690ms
2026-07-18 15:10:57.23 | WARNING | PARSER   | [Siaifon] 0 items found in 1164ms! (CSS selector '.product-thumb h4 a, .caption a, .name a, h4 a, .product-title a, a.prod-info' broken or empty query)
2026-07-18 15:10:57.59 | SUCCESS | API      | SEARCH COMPLETED -> Found 112 items across all sites in 4.09s
2026-07-19 11:54:41.10 | INFO    | API      | SEARCH REQUEST -> Category: 'pc', Query: 'IPhone 13'
2026-07-19 11:54:42.22 | INFO    | PARSER   | [Bazar] Exracted 66 items in 163ms
2026-07-19 11:54:42.33 | WARNING | PARSER   | [LaptopRemont] 0 items found in 35ms! (CSS selector 'a[href^='https://www.laptopremont.com/']' broken or empty query)
2026-07-19 11:54:43.77 | WARNING | PARSER   | [OLX] 0 items found in 91ms! (CSS selector 'a.css-z3gu2d' broken or empty query)
2026-07-19 11:54:43.77 | SUCCESS | API      | SEARCH COMPLETED -> Found 66 items across all sites in 2.68s
2026-07-19 12:02:08.84 | INFO    | API      | SEARCH REQUEST -> Category: 'phone', Query: 'IPhone 13'
2026-07-19 12:02:10.44 | INFO    | PARSER   | [GagoGSM] Exracted 28 items in 170ms
2026-07-19 12:02:10.47 | WARNING | PARSER   | [Smenime] 0 items found in 24ms! (CSS selector '.product-thumb h4 a, .caption a, .name a, h4 a, .product-title a, a.prod-info' broken or empty query)
2026-07-19 12:02:11.26 | INFO    | PARSER   | [Cellphone BG] Exracted 19 items in 278ms
2026-07-19 12:02:11.31 | INFO    | PARSER   | [Alpha Mobile] Exracted 50 items in 176ms
2026-07-19 12:02:12.89 | WARNING | PARSER   | [Siaifon] 0 items found in 1175ms! (CSS selector '.product-thumb h4 a, .caption a, .name a, h4 a, .product-title a, a.prod-info' broken or empty query)
2026-07-19 12:02:13.70 | INFO    | PARSER   | [PhoneZona] Exracted 15 items in 765ms
2026-07-19 12:02:13.99 | SUCCESS | API      | SEARCH COMPLETED -> Found 112 items across all sites in 5.14s
2026-07-19 12:21:53.55 | SUCCESS | SYSTEM   | AKS Price Checker server booted up and ready for requests!
2026-07-19 12:21:54.59 | SUCCESS | SYSTEM   | AKS Price Checker server booted up and ready for requests!
2026-07-19 12:21:59.14 | INFO    | API      | SEARCH REQUEST -> Category: 'phone', Query: 'IPhone 13'
2026-07-19 12:21:59.76 | WARNING | PARSER   | [Smenime] 0 items found in 43ms! (CSS selector '.wrap h6, .product-thumb h4 a, .caption a, .name a, h4 a, .product-title a, a.prod-info' broken or empty query)
2026-07-19 12:22:00.20 | INFO    | PARSER   | [GagoGSM] Exracted 28 items in 171ms
2026-07-19 12:22:00.52 | INFO    | PARSER   | [Alpha Mobile] Exracted 50 items in 114ms
2026-07-19 12:22:01.18 | INFO    | PARSER   | [Cellphone BG] Exracted 19 items in 455ms
2026-07-19 12:22:01.96 | WARNING | PARSER   | [Siaifon] 0 items found in 1430ms! (CSS selector '.product-thumb h4 a, .caption a, .name a, h4 a, .product-title a, a.prod-info' broken or empty query)
2026-07-19 12:22:02.86 | INFO    | PARSER   | [PhoneZona] Exracted 15 items in 667ms
2026-07-19 12:22:02.92 | SUCCESS | API      | SEARCH COMPLETED -> Found 112 items across all sites in 3.78s
2026-07-19 12:22:33.23 | SUCCESS | SYSTEM   | AKS Price Checker server booted up and ready for requests!
2026-07-19 12:22:33.86 | SUCCESS | SYSTEM   | AKS Price Checker server booted up and ready for requests!
2026-07-19 12:39:30.66 | SUCCESS | SYSTEM   | AKS Price Checker server booted up and ready for requests!
2026-07-19 12:39:31.52 | SUCCESS | SYSTEM   | AKS Price Checker server booted up and ready for requests!
2026-07-19 12:40:32.13 | SUCCESS | SYSTEM   | AKS Price Checker server booted up and ready for requests!
2026-07-19 12:41:17.98 | SUCCESS | SYSTEM   | AKS Price Checker server booted up and ready for requests!
2026-07-19 12:42:23.05 | SUCCESS | SYSTEM   | AKS Price Checker server booted up and ready for requests!
2026-07-19 12:42:41.41 | SUCCESS | SYSTEM   | AKS Price Checker server booted up and ready for requests!
2026-07-19 12:42:42.36 | SUCCESS | SYSTEM   | AKS Price Checker server booted up and ready for requests!
2026-07-19 12:42:43.46 | SUCCESS | SYSTEM   | AKS Price Checker server booted up and ready for requests!
2026-07-19 12:42:49.92 | INFO    | API      | SEARCH REQUEST -> Category: 'phone', Query: 'IPhone 13'
2026-07-19 12:42:50.58 | INFO    | PARSER   | [Smenime] Exracted 4 items in 39ms
2026-07-19 12:42:51.11 | INFO    | PARSER   | [GagoGSM] Exracted 28 items in 208ms
2026-07-19 12:42:51.65 | INFO    | PARSER   | [Alpha Mobile] Exracted 50 items in 287ms
2026-07-19 12:42:51.98 | INFO    | PARSER   | [Siaifon] Exracted 60 items in 795ms
2026-07-19 12:42:52.12 | INFO    | PARSER   | [Cellphone BG] Exracted 19 items in 382ms
2026-07-19 12:42:53.66 | INFO    | PARSER   | [PhoneZona] Exracted 15 items in 754ms
2026-07-19 12:42:53.71 | SUCCESS | API      | SEARCH COMPLETED -> Found 176 items across all sites in 3.79s
2026-07-19 13:19:07.32 | SUCCESS | SYSTEM   | AKS Price Checker server booted up and ready for requests!
2026-07-19 13:19:08.03 | SUCCESS | SYSTEM   | AKS Price Checker server booted up and ready for requests!
2026-07-19 13:19:11.53 | SUCCESS | SYSTEM   | AKS Price Checker server booted up and ready for requests!
2026-07-19 13:19:22.25 | INFO    | API      | SEARCH REQUEST -> Category: 'phone', Query: 'IPhone 13'
2026-07-19 13:19:22.77 | INFO    | PARSER   | [Smenime] Exracted 4 items in 30ms
2026-07-19 13:19:23.05 | INFO    | PARSER   | [GagoGSM] Exracted 28 items in 157ms
2026-07-19 13:19:23.70 | INFO    | PARSER   | [Alpha Mobile] Exracted 50 items in 114ms
2026-07-19 13:19:24.27 | INFO    | PARSER   | [Cellphone BG] Exracted 19 items in 455ms
2026-07-19 13:19:24.39 | INFO    | PARSER   | [Siaifon] Exracted 60 items in 685ms
2026-07-19 13:19:25.92 | INFO    | PARSER   | [PhoneZona] Exracted 15 items in 655ms
2026-07-19 13:19:25.97 | SUCCESS | API      | SEARCH COMPLETED -> Found 176 items across all sites in 3.73s
2026-07-19 13:26:58.61 | SUCCESS | SYSTEM   | AKS Price Checker server booted up and ready for requests!
2026-07-19 13:26:59.98 | SUCCESS | SYSTEM   | AKS Price Checker server booted up and ready for requests!
2026-07-19 13:27:06.60 | INFO    | API      | SEARCH REQUEST -> Category: 'phone', Query: 'Iphone 13'
2026-07-19 13:27:07.56 | INFO    | PARSER   | [Smenime] Exracted 4 items in 30ms
2026-07-19 13:27:07.79 | INFO    | PARSER   | [Cellphone BG] Exracted 19 items in 219ms
2026-07-19 13:27:07.99 | INFO    | PARSER   | [GagoGSM] Exracted 28 items in 177ms
2026-07-19 13:27:08.54 | INFO    | PARSER   | [Alpha Mobile] Exracted 50 items in 231ms
2026-07-19 13:27:08.55 | INFO    | PARSER   | [Siaifon] Exracted 60 items in 565ms
2026-07-19 13:27:10.66 | INFO    | PARSER   | [PhoneZona] Exracted 15 items in 655ms
2026-07-19 13:27:21.30 | INFO    | API      | SEARCH REQUEST -> Category: 'phone', Query: 'Iphone 13'
2026-07-19 13:27:21.88 | INFO    | PARSER   | [Smenime] Exracted 4 items in 106ms
2026-07-19 13:27:22.02 | INFO    | PARSER   | [Cellphone BG] Exracted 19 items in 314ms
2026-07-19 13:27:22.18 | INFO    | PARSER   | [GagoGSM] Exracted 28 items in 160ms
2026-07-19 13:27:22.63 | INFO    | PARSER   | [Siaifon] Exracted 60 items in 439ms
2026-07-19 13:27:22.75 | INFO    | PARSER   | [Alpha Mobile] Exracted 50 items in 117ms
2026-07-19 13:27:23.46 | INFO    | PARSER   | [PhoneZona] Exracted 15 items in 694ms
2026-07-19 13:28:00.96 | INFO    | API      | SEARCH REQUEST -> Category: 'pc', Query: 'Iphone 13'
2026-07-19 13:28:01.95 | INFO    | PARSER   | [Bazar] Exracted 66 items in 166ms
2026-07-19 13:28:02.21 | WARNING | PARSER   | [LaptopRemont] 0 items found in 34ms! (CSS selector 'a[href^='https://www.laptopremont.com/']' broken or empty query)
2026-07-19 13:28:03.09 | WARNING | PARSER   | [OLX] 0 items found in 5ms! (CSS selector 'a.css-z3gu2d' broken or empty query)
2026-07-19 13:28:03.10 | SUCCESS | API      | SEARCH COMPLETED -> Found 66 items across all sites in 2.14s
2026-07-19 13:28:06.21 | INFO    | API      | SEARCH REQUEST -> Category: 'phone', Query: 'Iphone 13'
2026-07-19 13:28:06.86 | INFO    | PARSER   | [Smenime] Exracted 4 items in 25ms
2026-07-19 13:28:06.89 | INFO    | PARSER   | [Cellphone BG] Exracted 19 items in 233ms
2026-07-19 13:28:07.14 | INFO    | PARSER   | [GagoGSM] Exracted 28 items in 164ms
2026-07-19 13:28:07.98 | INFO    | PARSER   | [Siaifon] Exracted 60 items in 539ms
2026-07-19 13:28:08.72 | INFO    | PARSER   | [Alpha Mobile] Exracted 50 items in 242ms
2026-07-19 13:28:08.99 | INFO    | PARSER   | [PhoneZona] Exracted 15 items in 1004ms
2026-07-19 13:28:33.03 | INFO    | API      | SEARCH REQUEST -> Category: 'phone', Query: 'Iphone 13'
2026-07-19 13:28:33.63 | INFO    | PARSER   | [Smenime] Exracted 4 items in 22ms
2026-07-19 13:28:33.71 | INFO    | PARSER   | [Cellphone BG] Exracted 19 items in 233ms
2026-07-19 13:28:34.14 | INFO    | PARSER   | [GagoGSM] Exracted 28 items in 171ms
2026-07-19 13:28:34.53 | INFO    | PARSER   | [Alpha Mobile] Exracted 50 items in 205ms
2026-07-19 13:28:34.71 | INFO    | PARSER   | [Siaifon] Exracted 60 items in 571ms
2026-07-19 13:28:35.47 | INFO    | PARSER   | [PhoneZona] Exracted 15 items in 751ms
2026-07-19 13:28:49.49 | SUCCESS | SYSTEM   | AKS Price Checker server booted up and ready for requests!
2026-07-19 13:28:50.37 | SUCCESS | SYSTEM   | AKS Price Checker server booted up and ready for requests!
2026-07-19 13:28:51.05 | SUCCESS | SYSTEM   | AKS Price Checker server booted up and ready for requests!
2026-07-19 13:28:51.96 | SUCCESS | SYSTEM   | AKS Price Checker server booted up and ready for requests!
2026-07-19 13:28:56.77 | INFO    | API      | SEARCH REQUEST -> Category: 'phone', Query: 'iphone 13'
2026-07-19 13:28:57.60 | INFO    | PARSER   | [Smenime] Exracted 4 items in 30ms
2026-07-19 13:28:58.19 | INFO    | PARSER   | [GagoGSM] Exracted 28 items in 170ms
2026-07-19 13:28:58.49 | INFO    | PARSER   | [Cellphone BG] Exracted 19 items in 303ms
2026-07-19 13:28:59.01 | INFO    | PARSER   | [Alpha Mobile] Exracted 50 items in 341ms
2026-07-19 13:28:59.10 | INFO    | PARSER   | [Siaifon] Exracted 60 items in 724ms
2026-07-19 13:29:00.09 | INFO    | PARSER   | [PhoneZona] Exracted 15 items in 944ms
2026-07-19 13:39:50.22 | INFO    | API      | SEARCH REQUEST -> Category: 'phone', Query: 'iphone'
2026-07-19 13:39:51.49 | INFO    | PARSER   | [GagoGSM] Exracted 28 items in 269ms
2026-07-19 13:39:51.54 | INFO    | PARSER   | [Smenime] Exracted 35 items in 45ms
2026-07-19 13:39:51.71 | INFO    | PARSER   | [Alpha Mobile] Exracted 50 items in 125ms
2026-07-19 13:39:52.37 | INFO    | PARSER   | [Siaifon] Exracted 60 items in 597ms
2026-07-19 13:39:54.17 | INFO    | PARSER   | [PhoneZona] Exracted 15 items in 704ms
2026-07-19 13:39:57.35 | INFO    | PARSER   | [Cellphone BG] Exracted 20 items in 509ms
2026-07-19 13:41:54.06 | INFO    | API      | SEARCH REQUEST -> Category: 'phone', Query: 'iphone'
2026-07-19 13:41:54.69 | INFO    | PARSER   | [Smenime] Exracted 35 items in 38ms
2026-07-19 13:41:55.10 | INFO    | PARSER   | [GagoGSM] Exracted 28 items in 190ms
2026-07-19 13:41:55.58 | INFO    | PARSER   | [Alpha Mobile] Exracted 50 items in 176ms
2026-07-19 13:41:56.07 | INFO    | PARSER   | [Siaifon] Exracted 60 items in 477ms
2026-07-19 13:41:56.94 | INFO    | PARSER   | [Cellphone BG] Exracted 20 items in 589ms
2026-07-19 13:41:57.30 | INFO    | PARSER   | [PhoneZona] Exracted 15 items in 1229ms
2026-07-19 13:42:44.80 | SUCCESS | SYSTEM   | AKS Price Checker server booted up and ready for requests!
2026-07-19 13:42:45.52 | SUCCESS | SYSTEM   | AKS Price Checker server booted up and ready for requests!
2026-07-19 13:44:58.35 | SUCCESS | SYSTEM   | AKS Price Checker server booted up and ready for requests!
2026-07-19 13:45:42.40 | SUCCESS | SYSTEM   | AKS Price Checker server booted up and ready for requests!
2026-07-19 13:45:43.18 | SUCCESS | SYSTEM   | AKS Price Checker server booted up and ready for requests!
2026-07-19 13:53:01.11 | SUCCESS | SYSTEM   | AKS Price Checker server booted up and ready for requests!
2026-07-19 13:53:09.91 | INFO    | API      | SEARCH REQUEST -> Category: 'phone', Query: 'iphone 13'
2026-07-19 13:53:10.46 | INFO    | PARSER   | [Smenime] Exracted 4 items in 29ms
2026-07-19 13:53:10.94 | INFO    | PARSER   | [GagoGSM] Exracted 28 items in 172ms
2026-07-19 13:53:11.54 | INFO    | PARSER   | [Cellphone BG] Exracted 19 items in 317ms
2026-07-19 13:53:11.57 | INFO    | PARSER   | [Alpha Mobile] Exracted 50 items in 223ms
2026-07-19 13:53:12.01 | INFO    | PARSER   | [Siaifon] Exracted 60 items in 432ms
2026-07-19 13:53:13.83 | INFO    | PARSER   | [PhoneZona] Exracted 15 items in 733ms
2026-07-19 13:54:38.28 | SUCCESS | SYSTEM   | AKS Price Checker server booted up and ready for requests!
2026-07-19 13:54:38.96 | SUCCESS | SYSTEM   | AKS Price Checker server booted up and ready for requests!
2026-07-19 13:54:39.79 | SUCCESS | SYSTEM   | AKS Price Checker server booted up and ready for requests!
2026-07-19 13:54:44.09 | INFO    | API      | SEARCH REQUEST -> Category: 'phone', Query: 'iphone 13'
2026-07-19 13:54:44.73 | INFO    | PARSER   | [Smenime] Exracted 4 items in 45ms
2026-07-19 13:54:44.80 | INFO    | PARSER   | [Cellphone BG] Exracted 19 items in 275ms
2026-07-19 13:54:45.29 | INFO    | PARSER   | [GagoGSM] Exracted 28 items in 201ms
2026-07-19 13:54:45.74 | INFO    | PARSER   | [Alpha Mobile] Exracted 50 items in 244ms
2026-07-19 13:54:45.90 | INFO    | PARSER   | [Siaifon] Exracted 60 items in 605ms
2026-07-19 13:54:46.73 | INFO    | PARSER   | [PhoneZona] Exracted 15 items in 696ms
2026-07-19 13:55:55.23 | INFO    | API      | SEARCH REQUEST -> Category: 'phone', Query: 'iphone 13'
2026-07-19 13:55:55.75 | INFO    | PARSER   | [Smenime] Exracted 4 items in 41ms
2026-07-19 13:55:56.04 | INFO    | PARSER   | [Cellphone BG] Exracted 19 items in 381ms
2026-07-19 13:55:56.59 | INFO    | PARSER   | [GagoGSM] Exracted 28 items in 281ms
2026-07-19 13:55:56.87 | INFO    | PARSER   | [Alpha Mobile] Exracted 50 items in 279ms
2026-07-19 13:55:57.42 | INFO    | PARSER   | [Siaifon] Exracted 60 items in 773ms
2026-07-19 13:55:57.97 | INFO    | PARSER   | [PhoneZona] Exracted 15 items in 813ms
2026-07-19 13:55:58.46 | INFO    | API      | SEARCH REQUEST -> Category: 'phone', Query: 'iphone13'
2026-07-19 13:55:58.92 | WARNING | PARSER   | [Smenime] 0 items found in 9ms! (CSS selector 'a[title]' broken or empty query)
2026-07-19 13:55:59.02 | WARNING | PARSER   | [Cellphone BG] 0 items found in 20ms! (CSS selector '.product-thumb h4 a, .caption a, .name a, h4 a, .product-title a, a.prod-info' broken or empty query)
2026-07-19 13:55:59.22 | INFO    | PARSER   | [GagoGSM] Exracted 1 items in 125ms
2026-07-19 13:55:59.75 | WARNING | PARSER   | [Alpha Mobile] 0 items found in 182ms! (CSS selector '.product-thumb h4 a, .caption a, .name a, h4 a, .product-title a, a.prod-info' broken or empty query)
2026-07-19 13:56:00.03 | WARNING | PARSER   | [Siaifon] 0 items found in 618ms! (CSS selector 'a.c-product-grid__product-title-link' broken or empty query)
2026-07-19 13:56:00.82 | WARNING | PARSER   | [PhoneZona] 0 items found in 787ms! (CSS selector '.product-thumb h4 a, .caption a, .name a, h4 a, .product-title a, a.prod-info' broken or empty query)
2026-07-19 13:56:00.90 | INFO    | API      | SEARCH REQUEST -> Category: 'phone', Query: 'iphone'
2026-07-19 13:56:01.43 | INFO    | PARSER   | [Smenime] Exracted 35 items in 36ms
2026-07-19 13:56:01.73 | INFO    | PARSER   | [GagoGSM] Exracted 28 items in 164ms
2026-07-19 13:56:02.86 | INFO    | PARSER   | [Siaifon] Exracted 60 items in 544ms
2026-07-19 13:56:04.28 | INFO    | PARSER   | [Alpha Mobile] Exracted 50 items in 124ms
2026-07-19 13:56:05.02 | INFO    | PARSER   | [PhoneZona] Exracted 15 items in 658ms
2026-07-19 13:56:09.18 | INFO    | PARSER   | [Cellphone BG] Exracted 20 items in 245ms
2026-07-19 13:56:09.80 | INFO    | API      | SEARCH REQUEST -> Category: 'phone', Query: 'Iphone 13'
2026-07-19 13:56:10.24 | INFO    | PARSER   | [Smenime] Exracted 4 items in 13ms
2026-07-19 13:56:10.78 | INFO    | PARSER   | [GagoGSM] Exracted 28 items in 244ms
2026-07-19 13:56:11.03 | INFO    | PARSER   | [Cellphone BG] Exracted 19 items in 244ms
2026-07-19 13:56:11.51 | INFO    | PARSER   | [Alpha Mobile] Exracted 50 items in 269ms
2026-07-19 13:56:11.62 | INFO    | PARSER   | [Siaifon] Exracted 60 items in 592ms
2026-07-19 13:56:12.42 | INFO    | PARSER   | [PhoneZona] Exracted 15 items in 761ms
2026-07-19 13:56:27.59 | SUCCESS | SYSTEM   | AKS Price Checker server booted up and ready for requests!
2026-07-19 13:56:28.31 | SUCCESS | SYSTEM   | AKS Price Checker server booted up and ready for requests!
2026-07-19 13:56:33.22 | INFO    | API      | SEARCH REQUEST -> Category: 'phone', Query: 'iphone 13'
2026-07-19 13:56:33.94 | INFO    | PARSER   | [Smenime] Exracted 4 items in 53ms
2026-07-19 13:56:33.97 | INFO    | PARSER   | [Cellphone BG] Exracted 19 items in 252ms
2026-07-19 13:56:34.17 | INFO    | PARSER   | [GagoGSM] Exracted 28 items in 167ms
2026-07-19 13:56:34.62 | INFO    | PARSER   | [Siaifon] Exracted 60 items in 444ms
2026-07-19 13:56:34.74 | INFO    | PARSER   | [Alpha Mobile] Exracted 50 items in 122ms
2026-07-19 13:56:35.48 | INFO    | PARSER   | [PhoneZona] Exracted 15 items in 654ms
2026-07-19 13:56:36.86 | SUCCESS | API      | SEARCH COMPLETED -> Found 176 items across all sites in 3.64s
2026-07-19 13:57:03.07 | SUCCESS | SYSTEM   | AKS Price Checker server booted up and ready for requests!
2026-07-19 13:57:04.49 | SUCCESS | SYSTEM   | AKS Price Checker server booted up and ready for requests!
2026-07-19 13:57:08.62 | INFO    | API      | SEARCH REQUEST -> Category: 'phone', Query: 'iphone 13'
2026-07-19 13:57:09.15 | INFO    | PARSER   | [Smenime] Exracted 4 items in 32ms
2026-07-19 13:57:09.40 | INFO    | PARSER   | [Cellphone BG] Exracted 19 items in 254ms
2026-07-19 13:57:09.56 | INFO    | PARSER   | [GagoGSM] Exracted 28 items in 204ms
2026-07-19 13:57:10.10 | INFO    | PARSER   | [Siaifon] Exracted 60 items in 534ms
2026-07-19 13:57:10.22 | INFO    | PARSER   | [Alpha Mobile] Exracted 50 items in 121ms
2026-07-19 13:57:10.98 | INFO    | PARSER   | [PhoneZona] Exracted 15 items in 695ms
2026-07-19 14:02:41.67 | INFO    | API      | SEARCH REQUEST -> Category: 'phone', Query: 'iphone 13'
2026-07-19 14:02:41.90 | INFO    | API      | SEARCH REQUEST -> Category: 'phone', Query: 'iphone 13'
2026-07-19 14:02:42.11 | INFO    | API      | SEARCH REQUEST -> Category: 'phone', Query: 'iphone 13'
2026-07-19 14:02:42.30 | INFO    | PARSER   | [Smenime] Exracted 4 items in 23ms
2026-07-19 14:02:42.64 | INFO    | PARSER   | [Cellphone BG] Exracted 19 items in 499ms
2026-07-19 14:02:42.83 | INFO    | PARSER   | [GagoGSM] Exracted 28 items in 387ms
2026-07-19 14:02:42.88 | INFO    | API      | SEARCH REQUEST -> Category: 'phone', Query: 'iphone 13'
2026-07-19 14:02:43.20 | INFO    | PARSER   | [Cellphone BG] Exracted 19 items in 517ms
2026-07-19 14:02:43.36 | INFO    | PARSER   | [GagoGSM] Exracted 28 items in 345ms
2026-07-19 14:02:43.56 | INFO    | PARSER   | [Smenime] Exracted 4 items in 24ms
2026-07-19 14:02:43.66 | INFO    | PARSER   | [Alpha Mobile] Exracted 50 items in 289ms
2026-07-19 14:02:44.13 | INFO    | PARSER   | [Alpha Mobile] Exracted 50 items in 318ms
2026-07-19 14:02:44.33 | INFO    | PARSER   | [Siaifon] Exracted 60 items in 844ms
2026-07-19 14:02:44.35 | INFO    | PARSER   | [Smenime] Exracted 4 items in 19ms
2026-07-19 14:02:44.77 | INFO    | PARSER   | [Cellphone BG] Exracted 19 items in 416ms
2026-07-19 14:02:45.31 | INFO    | PARSER   | [GagoGSM] Exracted 28 items in 394ms
2026-07-19 14:02:45.43 | INFO    | PARSER   | [Siaifon] Exracted 60 items in 926ms
2026-07-19 14:02:45.49 | INFO    | PARSER   | [Smenime] Exracted 4 items in 28ms
2026-07-19 14:02:45.71 | INFO    | PARSER   | [Cellphone BG] Exracted 19 items in 361ms
2026-07-19 14:02:45.96 | INFO    | PARSER   | [GagoGSM] Exracted 28 items in 249ms
2026-07-19 14:02:46.33 | INFO    | PARSER   | [Alpha Mobile] Exracted 50 items in 287ms
2026-07-19 14:02:46.84 | INFO    | PARSER   | [Siaifon] Exracted 60 items in 869ms
2026-07-19 14:02:46.99 | INFO    | PARSER   | [Alpha Mobile] Exracted 50 items in 148ms
2026-07-19 14:02:49.34 | INFO    | PARSER   | [PhoneZona] Exracted 15 items in 2339ms
2026-07-19 14:02:50.40 | INFO    | PARSER   | [Siaifon] Exracted 60 items in 2749ms
2026-07-19 14:02:50.97 | INFO    | PARSER   | [PhoneZona] Exracted 15 items in 3247ms
2026-07-19 14:02:51.30 | INFO    | PARSER   | [PhoneZona] Exracted 15 items in 4086ms
2026-07-19 14:02:51.83 | INFO    | PARSER   | [PhoneZona] Exracted 15 items in 3415ms
2026-07-19 14:05:36.31 | INFO    | API      | SEARCH REQUEST -> Category: 'phone', Query: 'iphone 13'
2026-07-19 14:05:36.90 | INFO    | PARSER   | [Smenime] Exracted 4 items in 33ms
2026-07-19 14:05:37.06 | INFO    | PARSER   | [Cellphone BG] Exracted 19 items in 355ms
2026-07-19 14:05:37.36 | INFO    | PARSER   | [GagoGSM] Exracted 28 items in 299ms
2026-07-19 14:05:37.78 | INFO    | PARSER   | [Alpha Mobile] Exracted 50 items in 308ms
2026-07-19 14:05:38.37 | INFO    | PARSER   | [Siaifon] Exracted 60 items in 589ms
2026-07-19 14:05:39.26 | SUCCESS | SYSTEM   | AKS Price Checker server booted up and ready for requests!
2026-07-19 14:07:30.04 | SUCCESS | SYSTEM   | AKS Price Checker server booted up and ready for requests!
2026-07-19 14:07:30.86 | SUCCESS | SYSTEM   | AKS Price Checker server booted up and ready for requests!
2026-07-19 14:16:10.81 | SUCCESS | SYSTEM   | AKS Price Checker server booted up and ready for requests!
2026-07-19 14:16:19.55 | INFO    | API      | SEARCH REQUEST -> Category: 'phone', Query: 'IPhone 13'
2026-07-19 14:16:20.50 | INFO    | PARSER   | [Smenime] Exracted 4 items in 31ms
2026-07-19 14:16:20.85 | INFO    | PARSER   | [GagoGSM] Exracted 28 items in 309ms
2026-07-19 14:16:20.95 | INFO    | PARSER   | [Cellphone BG] Exracted 19 items in 352ms
2026-07-19 14:16:21.08 | INFO    | PARSER   | [Alpha Mobile] Exracted 50 items in 125ms
2026-07-19 14:16:21.54 | INFO    | PARSER   | [Siaifon] Exracted 60 items in 451ms
2026-07-19 14:16:24.56 | INFO    | PARSER   | [PhoneZona] Exracted 15 items in 691ms
2026-07-19 14:16:24.56 | SUCCESS | API      | SEARCH COMPLETED -> Found 176 items across all sites in 5.01s
2026-07-19 14:19:34.07 | SUCCESS | SYSTEM   | AKS Price Checker server booted up and ready for requests!
2026-07-19 14:19:40.86 | INFO    | API      | SEARCH REQUEST -> Category: 'phone', Query: 'IPhone 13'
2026-07-19 14:19:41.43 | INFO    | PARSER   | [Smenime] Exracted 4 items in 57ms
2026-07-19 14:19:41.61 | INFO    | PARSER   | [Cellphone BG] Exracted 19 items in 270ms
2026-07-19 14:19:41.99 | INFO    | PARSER   | [GagoGSM] Exracted 28 items in 168ms
2026-07-19 14:19:42.52 | INFO    | PARSER   | [Alpha Mobile] Exracted 50 items in 252ms
2026-07-19 14:19:42.70 | INFO    | PARSER   | [Siaifon] Exracted 60 items in 595ms
2026-07-19 14:19:43.41 | INFO    | PARSER   | [PhoneZona] Exracted 15 items in 700ms
2026-07-19 14:19:44.78 | SUCCESS | API      | SEARCH COMPLETED -> Found 176 items across all sites in 3.91s
2026-07-19 14:27:09.48 | SUCCESS | SYSTEM   | AKS Price Checker server booted up and ready for requests!
2026-07-19 14:27:12.55 | INFO    | API      | SEARCH REQUEST -> Category: 'phone', Query: 'IPhone 13'
2026-07-19 14:27:13.14 | INFO    | PARSER   | [Smenime] Exracted 4 items in 31ms
2026-07-19 14:27:13.36 | INFO    | PARSER   | [Cellphone BG] Exracted 19 items in 221ms
2026-07-19 14:27:13.65 | INFO    | PARSER   | [GagoGSM] Exracted 28 items in 234ms
2026-07-19 14:27:14.04 | INFO    | PARSER   | [Alpha Mobile] Exracted 50 items in 127ms
2026-07-19 14:27:14.57 | INFO    | PARSER   | [Siaifon] Exracted 60 items in 525ms
2026-07-19 14:27:16.56 | INFO    | PARSER   | [PhoneZona] Exracted 15 items in 948ms
2026-07-19 14:27:16.56 | SUCCESS | API      | SEARCH COMPLETED -> Found 176 items across all sites in 4.01s
2026-07-19 14:27:40.97 | SUCCESS | SYSTEM   | AKS Price Checker server booted up and ready for requests!
2026-07-19 14:27:41.74 | SUCCESS | SYSTEM   | AKS Price Checker server booted up and ready for requests!
2026-07-19 14:27:42.42 | SUCCESS | SYSTEM   | AKS Price Checker server booted up and ready for requests!
2026-07-19 14:29:46.28 | SUCCESS | SYSTEM   | AKS Price Checker server booted up and ready for requests!
2026-07-19 14:29:47.05 | SUCCESS | SYSTEM   | AKS Price Checker server booted up and ready for requests!
2026-07-19 14:29:51.68 | INFO    | API      | SEARCH REQUEST -> Category: 'phone', Query: 'IPhone 13'
2026-07-19 14:29:52.21 | INFO    | PARSER   | [Smenime] Exracted 4 items in 32ms
2026-07-19 14:29:52.89 | INFO    | PARSER   | [GagoGSM] Exracted 28 items in 211ms
2026-07-19 14:29:53.35 | INFO    | PARSER   | [Siaifon] Exracted 60 items in 519ms
2026-07-19 14:29:54.03 | INFO    | PARSER   | [PhoneZona] Exracted 15 items in 677ms
2026-07-19 14:29:59.65 | SUCCESS | SYSTEM   | AKS Price Checker server booted up and ready for requests!
2026-07-19 14:30:00.59 | SUCCESS | SYSTEM   | AKS Price Checker server booted up and ready for requests!
2026-07-19 14:30:08.74 | INFO    | API      | SEARCH REQUEST -> Category: 'phone', Query: 'iphone 13'
2026-07-19 14:30:10.11 | INFO    | PARSER   | [Smenime] Exracted 4 items in 30ms
2026-07-19 14:30:10.56 | INFO    | PARSER   | [GagoGSM] Exracted 28 items in 205ms
2026-07-19 14:30:10.89 | INFO    | PARSER   | [Cellphone BG] Exracted 19 items in 332ms
2026-07-19 14:30:11.41 | INFO    | PARSER   | [Alpha Mobile] Exracted 50 items in 310ms
2026-07-19 14:30:11.49 | INFO    | PARSER   | [Siaifon] Exracted 60 items in 769ms
2026-07-19 14:30:12.38 | INFO    | PARSER   | [PhoneZona] Exracted 15 items in 892ms
2026-07-19 14:33:37.23 | INFO    | API      | SEARCH REQUEST -> Category: 'phone', Query: 'iphone 13'
2026-07-19 14:33:39.13 | INFO    | PARSER   | [Siaifon] Exracted 60 items in 649ms
2026-07-19 14:33:39.99 | INFO    | PARSER   | [PhoneZona] Exracted 15 items in 866ms
2026-07-19 14:44:56.07 | SUCCESS | SYSTEM   | AKS Price Checker server booted up and ready for requests!
2026-07-19 14:44:56.74 | SUCCESS | SYSTEM   | AKS Price Checker server booted up and ready for requests!
2026-07-22 11:23:37.19 | INFO    | API      | SEARCH REQUEST -> Category: 'phone', Query: 'iphone 13'
2026-07-22 11:23:37.19 | INFO    | SYSTEM   | Launching concurent search across 8 'phone' sites for: 'iphone 13'
2026-07-22 11:23:37.84 | INFO    | SYSTEM   | [Smenime] GET -> Status 200 OK (581ms)
2026-07-22 11:23:37.89 | INFO    | PARSER   | [Smenime] Exracted 4 items in 46ms
2026-07-22 11:23:38.89 | WARNING | SYSTEM   | [MasterClub] HTTP 403 on attempt 1/3. Retrying in 1.5s...
2026-07-22 11:23:40.15 | INFO    | SYSTEM   | [Siaifon] GET -> Status 200 OK (2883ms)
2026-07-22 11:23:41.04 | INFO    | PARSER   | [Siaifon] Exracted 60 items in 888ms
2026-07-22 11:23:42.66 | INFO    | SYSTEM   | [PhoneZona] GET -> Status 200 OK (5398ms)
2026-07-22 11:23:43.53 | INFO    | PARSER   | [PhoneZona] Exracted 15 items in 873ms
2026-07-22 11:23:45.51 | INFO    | API      | SEARCH REQUEST -> Category: 'phone', Query: 'IPhone 13'
2026-07-22 11:23:45.51 | INFO    | SYSTEM   | Launching concurent search across 8 'phone' sites for: 'IPhone 13'
2026-07-22 11:23:46.49 | INFO    | SYSTEM   | [Cellphone BG] GET -> Status 200 OK (963ms)
2026-07-22 11:23:46.57 | INFO    | SYSTEM   | [GagoGSM] GET -> Status 200 OK (1042ms)
2026-07-22 11:23:46.88 | INFO    | PARSER   | [Cellphone BG] Exracted 19 items in 385ms
2026-07-22 11:23:46.92 | INFO    | PARSER   | [GagoGSM] Exracted 28 items in 339ms
2026-07-22 11:23:46.92 | INFO    | SYSTEM   | [Alpha Mobile] GET -> Status 200 OK (1393ms)
2026-07-22 11:23:47.07 | INFO    | PARSER   | [Alpha Mobile] Exracted 50 items in 144ms
2026-07-22 11:23:47.97 | INFO    | SYSTEM   | [Smenime] GET -> Status 200 OK (2435ms)
2026-07-22 11:23:47.99 | INFO    | PARSER   | [Smenime] Exracted 4 items in 22ms
2026-07-22 11:23:47.99 | WARNING | SYSTEM   | [MasterClub] HTTP 403 on attempt 1/3. Retrying in 1.5s...
2026-07-22 11:23:49.56 | INFO    | SYSTEM   | [PhoneZona] GET -> Status 200 OK (4027ms)
2026-07-22 11:23:50.32 | INFO    | PARSER   | [PhoneZona] Exracted 15 items in 757ms
2026-07-22 11:23:50.32 | INFO    | SYSTEM   | [Siaifon] GET -> Status 200 OK (4784ms)
2026-07-22 11:23:50.77 | INFO    | PARSER   | [Siaifon] Exracted 60 items in 445ms
2026-07-22 11:30:56.12 | INFO    | API      | SEARCH REQUEST -> Category: 'phone', Query: 'IPhone 13'
2026-07-22 11:30:56.12 | INFO    | SYSTEM   | Launching concurent search across 8 'phone' sites for: 'IPhone 13'
2026-07-22 11:31:01.33 | INFO    | API      | SEARCH REQUEST -> Category: 'phone', Query: 'IPhone 13'
2026-07-22 11:31:01.33 | INFO    | SYSTEM   | Launching concurent search across 8 'phone' sites for: 'IPhone 13'
2026-07-22 11:31:03.55 | WARNING | SYSTEM   | [MasterClub] HTTP 403 on attempt 1/3. Retrying in 1.5s...
2026-07-22 11:31:04.51 | INFO    | SYSTEM   | [Siaifon] GET -> Status 200 OK (3149ms)
2026-07-22 11:31:04.97 | INFO    | PARSER   | [Siaifon] Exracted 60 items in 455ms
2026-07-22 11:31:05.89 | INFO    | SYSTEM   | [PhoneZona] GET -> Status 200 OK (4527ms)
2026-07-22 11:31:06.60 | INFO    | PARSER   | [PhoneZona] Exracted 15 items in 709ms
2026-07-22 14:16:24.32 | SUCCESS | SYSTEM   | AKS Price Checker server booted up and ready for requests!
2026-07-22 14:16:34.74 | SUCCESS | SYSTEM   | AKS Price Checker server booted up and ready for requests!
2026-07-22 14:16:36.59 | SUCCESS | SYSTEM   | AKS Price Checker server booted up and ready for requests!
2026-07-22 14:16:41.62 | INFO    | API      | SEARCH REQUEST -> Category: 'phone', Query: 'IPhone 13'
2026-07-22 14:16:41.62 | INFO    | SYSTEM   | Launching concurent search across 8 'phone' sites for: 'IPhone 13'
2026-07-22 14:16:44.24 | WARNING | NETWORK  | [StandardSite] Connection error (ConnectError) on attempt 1/3. Retrying...
2026-07-22 14:16:44.44 | INFO    | NETWORK  | [Smenime] GET -> Status 200 OK (2755ms)
2026-07-22 14:16:44.48 | INFO    | PARSER   | [Smenime] Exracted 4 items in 40ms
2026-07-22 14:16:45.09 | INFO    | NETWORK  | [GagoGSM] GET -> Status 200 OK (3414ms)
2026-07-22 14:16:45.30 | INFO    | PARSER   | [GagoGSM] Exracted 28 items in 206ms
2026-07-22 14:16:45.46 | INFO    | NETWORK  | [Cellphone BG] GET -> Status 200 OK (3777ms)
2026-07-22 14:16:45.52 | WARNING | NETWORK  | [MasterClub] HTTP 403 on attempt 1/3. Retrying in 1.5s...
2026-07-22 14:16:45.81 | INFO    | PARSER   | [Cellphone BG] Exracted 19 items in 355ms
2026-07-22 14:16:45.90 | INFO    | NETWORK  | [Alpha Mobile] GET -> Status 200 OK (4220ms)
2026-07-22 14:16:46.06 | INFO    | PARSER   | [Alpha Mobile] Exracted 50 items in 160ms
2026-07-22 14:16:46.72 | INFO    | NETWORK  | [Siaifon] GET -> Status 200 OK (5040ms)
2026-07-22 14:16:47.01 | WARNING | NETWORK  | [StandardSite] Connection error (ConnectError) on attempt 2/3. Retrying...
2026-07-22 14:16:47.10 | WARNING | NETWORK  | [MasterClub] HTTP 403 on attempt 2/3. Retrying in 1.5s...
2026-07-22 14:16:47.33 | INFO    | PARSER   | [Siaifon] Exracted 60 items in 603ms
2026-07-22 14:16:47.38 | INFO    | NETWORK  | [PhoneZona] GET -> Status 200 OK (5701ms)
2026-07-22 14:16:48.25 | INFO    | PARSER   | [PhoneZona] Exracted 15 items in 865ms
2026-07-22 14:16:48.63 | WARNING | NETWORK  | [MasterClub] HTTP 403 on attempt 3/3. Retrying in 1.5s...
2026-07-22 14:16:48.63 | ERROR   | NETWORK  | [MasterClub] FAILED to fetch after 3 attempts!
2026-07-22 14:16:49.67 | WARNING | NETWORK  | [StandardSite] Connection error (ConnectError) on attempt 3/3. Retrying...
2026-07-22 14:16:49.67 | ERROR   | NETWORK  | [StandardSite] FAILED to fetch after 3 attempts!
2026-07-22 14:16:49.68 | SUCCESS | API      | SEARCH COMPLETED -> Found 176 items across all sites in 8.06s
2026-07-22 14:17:14.22 | SUCCESS | SYSTEM   | AKS Price Checker server booted up and ready for requests!
2026-07-22 14:22:59.12 | SUCCESS | SYSTEM   | AKS Price Checker server booted up and ready for requests!
2026-07-22 14:23:00.12 | SUCCESS | SYSTEM   | AKS Price Checker server booted up and ready for requests!
2026-07-22 14:23:07.71 | SUCCESS | SYSTEM   | AKS Price Checker server booted up and ready for requests!
2026-07-22 14:23:08.78 | SUCCESS | SYSTEM   | AKS Price Checker server booted up and ready for requests!
2026-07-22 14:23:31.32 | SUCCESS | SYSTEM   | AKS Price Checker server booted up and ready for requests!
2026-07-22 14:23:32.82 | SUCCESS | SYSTEM   | AKS Price Checker server booted up and ready for requests!
2026-07-22 14:23:36.11 | INFO    | API      | SEARCH REQUEST -> Category: 'phone', Query: 'IPhone 13'
2026-07-22 14:23:36.11 | INFO    | SYSTEM   | Launching concurent search across 8 'phone' sites for: 'IPhone 13'
2026-07-22 14:23:40.85 | INFO    | NETWORK  | [GagoGSM] GET -> Status 200 OK (4679ms)
2026-07-22 14:23:41.08 | INFO    | PARSER   | [GagoGSM] Exracted 28 items in 229ms
2026-07-22 14:23:41.54 | INFO    | NETWORK  | [Cellphone BG] GET -> Status 200 OK (5372ms)
2026-07-22 14:23:41.62 | INFO    | NETWORK  | [Smenime] GET -> Status 200 OK (5449ms)
2026-07-22 14:23:41.66 | INFO    | PARSER   | [Smenime] Exracted 4 items in 30ms
2026-07-22 14:23:41.84 | INFO    | PARSER   | [Cellphone BG] Exracted 19 items in 302ms
2026-07-22 14:23:42.81 | WARNING | NETWORK  | [StandardSite] Connection error (ConnectError) on attempt 1/3. Retrying...
2026-07-22 14:23:43.49 | WARNING | NETWORK  | [MasterClub] HTTP 403 on attempt 1/3. Retrying in 1.5s...
2026-07-22 14:23:44.29 | INFO    | NETWORK  | [Alpha Mobile] GET -> Status 200 OK (8122ms)
2026-07-22 14:23:44.45 | INFO    | PARSER   | [Alpha Mobile] Exracted 50 items in 157ms
2026-07-22 14:23:45.02 | WARNING | NETWORK  | [MasterClub] HTTP 403 on attempt 2/3. Retrying in 1.5s...
2026-07-22 14:23:45.37 | INFO    | NETWORK  | [Siaifon] GET -> Status 200 OK (9195ms)
2026-07-22 14:23:45.42 | WARNING | NETWORK  | [StandardSite] Connection error (ConnectError) on attempt 2/3. Retrying...
2026-07-22 14:23:45.93 | INFO    | PARSER   | [Siaifon] Exracted 60 items in 562ms
2026-07-22 14:23:46.14 | INFO    | NETWORK  | [PhoneZona] GET -> Status 200 OK (9966ms)
2026-07-22 14:23:46.66 | WARNING | NETWORK  | [MasterClub] HTTP 403 on attempt 3/3. Retrying in 1.5s...
2026-07-22 14:23:46.67 | ERROR   | NETWORK  | [MasterClub] FAILED to fetch after 3 attempts!
2026-07-22 14:23:46.95 | INFO    | PARSER   | [PhoneZona] Exracted 15 items in 812ms
2026-07-22 14:23:49.21 | WARNING | NETWORK  | [StandardSite] Connection error (ConnectError) on attempt 3/3. Retrying...
2026-07-22 14:23:49.21 | ERROR   | NETWORK  | [StandardSite] FAILED to fetch after 3 attempts!
2026-07-22 14:23:49.22 | SUCCESS | API      | SEARCH COMPLETED -> Found 176 items across all sites in 13.11s
2026-07-22 14:24:20.50 | SUCCESS | SYSTEM   | AKS Price Checker server booted up and ready for requests!
2026-07-22 14:24:21.60 | SUCCESS | SYSTEM   | AKS Price Checker server booted up and ready for requests!
2026-07-22 14:24:28.31 | INFO    | API      | SEARCH REQUEST -> Category: 'phone', Query: 'IPhone 13'
2026-07-22 14:24:28.31 | INFO    | SYSTEM   | Launching concurent search across 8 'phone' sites for: 'IPhone 13'
2026-07-22 14:24:28.40 | INFO    | SYSTEM   | NETWORK | [MasterClub] Fetching homepage for fresh security_hash...
2026-07-22 14:24:28.74 | INFO    | NETWORK  | [Cellphone BG] GET -> Status 200 OK (351ms)
2026-07-22 14:24:28.99 | INFO    | PARSER   | [Cellphone BG] Exracted 19 items in 252ms
2026-07-22 14:24:29.40 | WARNING | NETWORK  | [StandardSite] Connection error (ConnectError) on attempt 1/3. Retrying...
2026-07-22 14:24:29.65 | INFO    | NETWORK  | [Smenime] GET -> Status 200 OK (1260ms)
2026-07-22 14:24:29.69 | INFO    | PARSER   | [Smenime] Exracted 4 items in 32ms
2026-07-22 14:24:30.06 | INFO    | NETWORK  | [GagoGSM] GET -> Status 200 OK (1667ms)
2026-07-22 14:24:30.24 | INFO    | PARSER   | [GagoGSM] Exracted 28 items in 182ms
2026-07-22 14:24:30.25 | WARNING | SYSTEM   | NETWORK | [MasterClub] Failed to extract security_hash from HTML.
2026-07-22 14:24:30.25 | ERROR   | PARSER   | [MasterClub] Fetch/Parse failed: Custom fetcher returned empty/None
2026-07-22 14:24:30.49 | INFO    | NETWORK  | [Alpha Mobile] GET -> Status 200 OK (2102ms)
2026-07-22 14:24:30.65 | INFO    | PARSER   | [Alpha Mobile] Exracted 50 items in 155ms
2026-07-22 14:24:30.90 | INFO    | NETWORK  | [PhoneZona] GET -> Status 200 OK (2506ms)
2026-07-22 14:24:31.13 | INFO    | NETWORK  | [Siaifon] GET -> Status 200 OK (2727ms)
2026-07-22 14:24:32.16 | INFO    | PARSER   | [Siaifon] Exracted 60 items in 1026ms
2026-07-22 14:24:32.19 | INFO    | PARSER   | [PhoneZona] Exracted 15 items in 1288ms
2026-07-22 14:24:32.32 | WARNING | NETWORK  | [StandardSite] Connection error (ConnectError) on attempt 2/3. Retrying...
2026-07-22 14:24:33.85 | WARNING | NETWORK  | [StandardSite] Connection error (ConnectError) on attempt 3/3. Retrying...
2026-07-22 14:24:33.85 | ERROR   | NETWORK  | [StandardSite] FAILED to fetch after 3 attempts!
2026-07-22 14:24:33.86 | ERROR   | PARSER   | [StandardSite] Fetch/Parse failed: No response from fetch_with_retry
2026-07-22 14:24:33.86 | SUCCESS | API      | SEARCH COMPLETED -> Found 176 items across all sites in 5.54s
2026-07-22 14:25:10.50 | INFO    | API      | SEARCH REQUEST -> Category: 'phone', Query: 'IPhone 15'
2026-07-22 14:25:10.50 | INFO    | SYSTEM   | Launching concurent search across 8 'phone' sites for: 'IPhone 15'
2026-07-22 14:25:10.53 | INFO    | SYSTEM   | NETWORK | [MasterClub] Fetching homepage for fresh security_hash...
2026-07-22 14:25:11.11 | WARNING | NETWORK  | [StandardSite] Connection error (ConnectError) on attempt 1/3. Retrying...
2026-07-22 14:25:11.41 | INFO    | NETWORK  | [GagoGSM] GET -> Status 200 OK (892ms)
2026-07-22 14:25:11.70 | INFO    | PARSER   | [GagoGSM] Exracted 28 items in 289ms
2026-07-22 14:25:11.73 | WARNING | SYSTEM   | NETWORK | [MasterClub] Failed to extract security_hash from HTML.
2026-07-22 14:25:11.73 | ERROR   | PARSER   | [MasterClub] Fetch/Parse failed: Custom fetcher returned empty/None
2026-07-22 14:25:12.05 | INFO    | NETWORK  | [Smenime] GET -> Status 200 OK (1532ms)
2026-07-22 14:25:12.07 | INFO    | PARSER   | [Smenime] Exracted 4 items in 17ms
2026-07-22 14:25:12.09 | INFO    | NETWORK  | [Cellphone BG] GET -> Status 200 OK (1569ms)
2026-07-22 14:25:12.37 | INFO    | PARSER   | [Cellphone BG] Exracted 19 items in 286ms
2026-07-22 14:25:12.48 | INFO    | NETWORK  | [Alpha Mobile] GET -> Status 200 OK (1958ms)
2026-07-22 14:25:12.61 | INFO    | PARSER   | [Alpha Mobile] Exracted 50 items in 136ms
2026-07-22 14:25:13.27 | INFO    | NETWORK  | [Siaifon] GET -> Status 200 OK (2741ms)
2026-07-22 14:25:13.32 | WARNING | NETWORK  | [StandardSite] Connection error (ConnectError) on attempt 2/3. Retrying...
2026-07-22 14:25:13.72 | INFO    | NETWORK  | [PhoneZona] GET -> Status 200 OK (3195ms)
2026-07-22 14:25:13.99 | INFO    | PARSER   | [Siaifon] Exracted 60 items in 718ms
2026-07-22 14:25:14.69 | INFO    | PARSER   | [PhoneZona] Exracted 15 items in 953ms
2026-07-22 14:25:16.58 | WARNING | NETWORK  | [StandardSite] Connection error (ConnectError) on attempt 3/3. Retrying...
2026-07-22 14:25:16.58 | ERROR   | NETWORK  | [StandardSite] FAILED to fetch after 3 attempts!
2026-07-22 14:25:16.58 | ERROR   | PARSER   | [StandardSite] Fetch/Parse failed: No response from fetch_with_retry
2026-07-22 14:25:16.58 | SUCCESS | API      | SEARCH COMPLETED -> Found 176 items across all sites in 6.08s
2026-07-22 14:28:30.68 | SUCCESS | SYSTEM   | AKS Price Checker server booted up and ready for requests!
2026-07-22 14:28:31.93 | SUCCESS | SYSTEM   | AKS Price Checker server booted up and ready for requests!
2026-07-22 14:28:33.28 | SUCCESS | SYSTEM   | AKS Price Checker server booted up and ready for requests!
2026-07-22 14:29:23.02 | SUCCESS | SYSTEM   | AKS Price Checker server booted up and ready for requests!
2026-07-22 14:29:24.57 | SUCCESS | SYSTEM   | AKS Price Checker server booted up and ready for requests!
2026-07-22 14:29:30.21 | SUCCESS | SYSTEM   | AKS Price Checker server booted up and ready for requests!
2026-07-22 14:29:31.44 | SUCCESS | SYSTEM   | AKS Price Checker server booted up and ready for requests!
2026-07-22 14:29:34.82 | INFO    | API      | SEARCH REQUEST -> Category: 'phone', Query: 'IPhone 13'
2026-07-22 14:29:34.83 | INFO    | SYSTEM   | Launching concurent search across 7 'phone' sites for: 'IPhone 13'
2026-07-22 14:29:34.89 | INFO    | NETWORK  | [MasterClub] Fetching homepage for fresh session & security_hash...
2026-07-22 14:29:39.06 | INFO    | NETWORK  | [Smenime] GET -> Status 200 OK (4173ms)
2026-07-22 14:29:39.11 | INFO    | PARSER   | [Smenime] Exracted 4 items in 49ms
2026-07-22 14:29:39.12 | WARNING | NETWORK  | [MasterClub] No security_hash found in HTML. Executing session-backed search...
2026-07-22 14:29:39.15 | WARNING | PARSER   | [MasterClub] 0 items found in 2ms! (CSS selector 'a.product-title' broken or empty query)
2026-07-22 14:29:39.48 | INFO    | NETWORK  | [GagoGSM] GET -> Status 200 OK (4596ms)
2026-07-22 14:29:39.75 | INFO    | PARSER   | [GagoGSM] Exracted 28 items in 259ms
2026-07-22 14:29:40.12 | INFO    | NETWORK  | [Siaifon] GET -> Status 200 OK (5228ms)
2026-07-22 14:29:40.74 | INFO    | PARSER   | [Siaifon] Exracted 60 items in 614ms
2026-07-22 14:29:40.74 | INFO    | NETWORK  | [Alpha Mobile] GET -> Status 200 OK (5856ms)
2026-07-22 14:29:40.95 | INFO    | PARSER   | [Alpha Mobile] Exracted 50 items in 205ms
2026-07-22 14:29:41.48 | INFO    | NETWORK  | [PhoneZona] GET -> Status 200 OK (6594ms)
2026-07-22 14:29:42.31 | INFO    | PARSER   | [PhoneZona] Exracted 15 items in 823ms
2026-07-22 14:29:50.75 | WARNING | NETWORK  | [Cellphone BG] Connection error (ReadTimeout) on attempt 1/3. Retrying...
2026-07-22 14:30:04.35 | WARNING | NETWORK  | [Cellphone BG] Connection error (ReadTimeout) on attempt 2/3. Retrying...
2026-07-22 14:30:18.01 | WARNING | NETWORK  | [Cellphone BG] Connection error (ReadTimeout) on attempt 3/3. Retrying...
2026-07-22 14:30:18.01 | ERROR   | NETWORK  | [Cellphone BG] FAILED to fetch after 3 attempts!
2026-07-22 14:30:18.01 | ERROR   | PARSER   | [Cellphone BG] Fetch/Parse failed: No response from fetch_with_retry
2026-07-22 14:30:18.01 | SUCCESS | API      | SEARCH COMPLETED -> Found 157 items across all sites in 43.19s
2026-07-22 14:32:53.63 | SUCCESS | API      | CACHE HIT -> Return instant results for 'IPhone 13' (phone)
2026-07-22 14:33:00.71 | INFO    | API      | SEARCH REQUEST -> Category: 'phone', Query: '4IPhone 13'
2026-07-22 14:33:00.72 | INFO    | SYSTEM   | Launching concurent search across 7 'phone' sites for: '4IPhone 13'
2026-07-22 14:33:00.73 | INFO    | NETWORK  | [MasterClub] Fetching homepage for fresh session & security_hash...
2026-07-22 14:33:01.08 | WARNING | NETWORK  | [MasterClub] No security_hash found in HTML. Executing session-backed search...
2026-07-22 14:33:01.12 | WARNING | PARSER   | [MasterClub] 0 items found in 1ms! (CSS selector 'a.product-title' broken or empty query)
2026-07-22 14:33:01.12 | INFO    | NETWORK  | [Smenime] GET -> Status 200 OK (390ms)
2026-07-22 14:33:01.14 | WARNING | PARSER   | [Smenime] 0 items found in 15ms! (CSS selector 'a[title]' broken or empty query)
2026-07-22 14:33:01.25 | INFO    | NETWORK  | [Cellphone BG] GET -> Status 200 OK (521ms)
2026-07-22 14:33:01.28 | WARNING | PARSER   | [Cellphone BG] 0 items found in 27ms! (CSS selector '.product-thumb h4 a, .caption a, .name a, h4 a, .product-title a, a.prod-info' broken or empty query)
2026-07-22 14:33:01.89 | INFO    | NETWORK  | [GagoGSM] GET -> Status 200 OK (1156ms)
2026-07-22 14:33:02.14 | WARNING | PARSER   | [GagoGSM] 0 items found in 251ms! (CSS selector '.product-thumb h4 a, .caption a, .name a, h4 a, .product-title a, a.prod-info' broken or empty query)
2026-07-22 14:33:02.58 | INFO    | NETWORK  | [Siaifon] GET -> Status 200 OK (1843ms)
2026-07-22 14:33:03.03 | INFO    | API      | SEARCH REQUEST -> Category: 'phone', Query: 'IPhone 14'
2026-07-22 14:33:03.04 | INFO    | SYSTEM   | Launching concurent search across 7 'phone' sites for: 'IPhone 14'
2026-07-22 14:33:03.09 | WARNING | PARSER   | [Siaifon] 0 items found in 507ms! (CSS selector 'a.c-product-grid__product-title-link' broken or empty query)
2026-07-22 14:33:03.09 | INFO    | NETWORK  | [MasterClub] Fetching homepage for fresh session & security_hash...
2026-07-22 14:33:03.11 | INFO    | NETWORK  | [Alpha Mobile] GET -> Status 200 OK (2384ms)
2026-07-22 14:33:03.16 | WARNING | PARSER   | [Alpha Mobile] 0 items found in 42ms! (CSS selector '.product-thumb h4 a, .caption a, .name a, h4 a, .product-title a, a.prod-info' broken or empty query)
2026-07-22 14:33:03.33 | INFO    | NETWORK  | [PhoneZona] GET -> Status 200 OK (2603ms)
2026-07-22 14:33:04.61 | WARNING | PARSER   | [PhoneZona] 0 items found in 1272ms! (CSS selector '.product-thumb h4 a, .caption a, .name a, h4 a, .product-title a, a.prod-info' broken or empty query)
2026-07-22 14:33:04.61 | SUCCESS | API      | SEARCH COMPLETED -> Found 0 items across all sites in 3.89s
2026-07-22 14:33:04.71 | WARNING | NETWORK  | [MasterClub] No security_hash found in HTML. Executing session-backed search...
2026-07-22 14:33:04.77 | INFO    | NETWORK  | [GagoGSM] GET -> Status 200 OK (1683ms)
2026-07-22 14:33:05.01 | WARNING | PARSER   | [MasterClub] 0 items found in 2ms! (CSS selector 'a.product-title' broken or empty query)
2026-07-22 14:33:05.08 | INFO    | NETWORK  | [Smenime] GET -> Status 200 OK (1991ms)
2026-07-22 14:33:05.16 | INFO    | PARSER   | [Smenime] Exracted 4 items in 61ms
2026-07-22 14:33:05.28 | INFO    | PARSER   | [GagoGSM] Exracted 28 items in 507ms
2026-07-22 14:33:05.49 | INFO    | NETWORK  | [Cellphone BG] GET -> Status 200 OK (2431ms)
2026-07-22 14:33:05.68 | INFO    | NETWORK  | [Siaifon] GET -> Status 200 OK (2595ms)
2026-07-22 14:33:06.07 | INFO    | PARSER   | [Cellphone BG] Exracted 19 items in 570ms
2026-07-22 14:33:06.18 | INFO    | NETWORK  | [Alpha Mobile] GET -> Status 200 OK (3093ms)
2026-07-22 14:33:06.55 | INFO    | PARSER   | [Alpha Mobile] Exracted 50 items in 361ms
2026-07-22 14:33:06.75 | INFO    | PARSER   | [Siaifon] Exracted 60 items in 1051ms
2026-07-22 14:33:07.31 | INFO    | NETWORK  | [PhoneZona] GET -> Status 200 OK (4223ms)
2026-07-22 14:33:08.24 | INFO    | PARSER   | [PhoneZona] Exracted 15 items in 922ms
2026-07-22 14:33:08.24 | SUCCESS | API      | SEARCH COMPLETED -> Found 176 items across all sites in 5.2s
2026-07-22 14:33:09.05 | SUCCESS | API      | CACHE HIT -> Return instant results for 'IPhone 14' (phone)
2026-07-22 14:43:19.36 | SUCCESS | SYSTEM   | AKS Price Checker server booted up and ready for requests!
2026-07-22 14:43:20.33 | SUCCESS | SYSTEM   | AKS Price Checker server booted up and ready for requests!
2026-07-22 14:43:27.41 | INFO    | API      | SEARCH REQUEST -> Category: 'phone', Query: 'IPhone 13'
2026-07-22 14:43:27.41 | INFO    | SYSTEM   | Launching concurent search across 7 'phone' sites for: 'IPhone 13'
2026-07-22 14:43:27.46 | INFO    | NETWORK  | [MasterClub] Fetching homepage for fresh session & security_hash...
2026-07-22 14:43:28.40 | WARNING | NETWORK  | [MasterClub] No security_hash found! Executing direct search fallback...
2026-07-22 14:43:28.43 | WARNING | PARSER   | [MasterClub] 0 items found in 1ms! (CSS selector 'a.product-title' broken or empty query)
2026-07-22 14:43:28.64 | INFO    | NETWORK  | [Smenime] GET -> Status 200 OK (1177ms)
2026-07-22 14:43:28.67 | INFO    | PARSER   | [Smenime] Exracted 4 items in 36ms
2026-07-22 14:43:28.91 | INFO    | NETWORK  | [Cellphone BG] GET -> Status 200 OK (1446ms)
2026-07-22 14:43:29.18 | INFO    | PARSER   | [Cellphone BG] Exracted 19 items in 276ms
2026-07-22 14:43:29.28 | INFO    | NETWORK  | [Siaifon] GET -> Status 200 OK (1822ms)
2026-07-22 14:43:29.44 | INFO    | NETWORK  | [Alpha Mobile] GET -> Status 200 OK (1980ms)
2026-07-22 14:43:29.55 | INFO    | NETWORK  | [GagoGSM] GET -> Status 200 OK (2092ms)
2026-07-22 14:43:29.91 | INFO    | PARSER   | [Alpha Mobile] Exracted 50 items in 450ms
2026-07-22 14:43:30.08 | INFO    | PARSER   | [GagoGSM] Exracted 28 items in 516ms
2026-07-22 14:43:30.24 | INFO    | PARSER   | [Siaifon] Exracted 60 items in 946ms
2026-07-22 14:43:30.92 | INFO    | NETWORK  | [PhoneZona] GET -> Status 200 OK (3464ms)
2026-07-22 14:43:31.73 | INFO    | PARSER   | [PhoneZona] Exracted 15 items in 808ms
2026-07-22 14:43:31.74 | SUCCESS | API      | SEARCH COMPLETED -> Found 176 items across all sites in 4.33s
2026-07-22 14:50:23.75 | SUCCESS | SYSTEM   | AKS Price Checker server booted up and ready for requests!
2026-07-22 15:25:51.67 | SUCCESS | SYSTEM   | AKS Price Checker server booted up and ready for requests!
2026-07-22 15:25:56.68 | SUCCESS | SYSTEM   | AKS Price Checker server booted up and ready for requests!
2026-07-22 15:25:57.39 | SUCCESS | SYSTEM   | AKS Price Checker server booted up and ready for requests!
2026-07-22 15:26:00.08 | SUCCESS | SYSTEM   | AKS Price Checker server booted up and ready for requests!
2026-07-22 15:31:19.38 | SUCCESS | SYSTEM   | AKS Price Checker server booted up and ready for requests!
2026-07-22 15:38:51.99 | SUCCESS | SYSTEM   | AKS Price Checker server booted up and ready for requests!
2026-07-22 15:39:05.88 | SUCCESS | SYSTEM   | AKS Price Checker server booted up and ready for requests!
2026-07-22 16:50:49.57 | SUCCESS | SYSTEM   | AKS Price Checker server booted up and ready for requests!
2026-07-22 16:50:54.17 | SUCCESS | SYSTEM   | AKS Price Checker server booted up and ready for requests!
2026-07-22 16:55:52.59 | SUCCESS | SYSTEM   | AKS Price Checker server booted up and ready for requests!
2026-07-22 16:55:54.06 | SUCCESS | SYSTEM   | AKS Price Checker server booted up and ready for requests!
2026-07-22 22:54:02.45 | SUCCESS | SYSTEM   | AKS Price Checker server booted up and ready for requests!
2026-07-22 22:54:03.19 | SUCCESS | SYSTEM   | AKS Price Checker server booted up and ready for requests!
2026-07-22 22:54:06.89 | SUCCESS | SYSTEM   | AKS Price Checker server booted up and ready for requests!
2026-07-23 10:52:31.13 | SUCCESS | SYSTEM   | AKS Price Checker server booted up and ready for requests!
2026-07-23 10:52:32.19 | SUCCESS | SYSTEM   | AKS Price Checker server booted up and ready for requests!
2026-07-23 11:12:05.84 | SUCCESS | SYSTEM   | AKS Price Checker server booted up and ready for requests!
2026-07-23 16:39:00.51 | SUCCESS | SYSTEM   | AKS Price Checker server booted up and ready for requests!
2026-07-23 16:39:01.32 | SUCCESS | SYSTEM   | AKS Price Checker server booted up and ready for requests!
2026-07-23 16:39:08.17 | SUCCESS | SYSTEM   | AKS Price Checker server booted up and ready for requests!
2026-07-23 16:39:19.51 | SUCCESS | SYSTEM   | AKS Price Checker server booted up and ready for requests!
2026-07-23 16:39:33.34 | SUCCESS | SYSTEM   | AKS Price Checker server booted up and ready for requests!
2026-07-23 16:39:34.34 | SUCCESS | SYSTEM   | AKS Price Checker server booted up and ready for requests!
2026-07-23 16:44:36.40 | SUCCESS | SYSTEM   | AKS Price Checker server booted up and ready for requests!
2026-07-23 16:44:40.48 | SUCCESS | SYSTEM   | AKS Price Checker server booted up and ready for requests!
2026-07-23 16:44:41.56 | SUCCESS | SYSTEM   | AKS Price Checker server booted up and ready for requests!
2026-07-23 16:44:53.57 | SUCCESS | SYSTEM   | AKS Price Checker server booted up and ready for requests!
2026-07-23 16:45:03.97 | SUCCESS | SYSTEM   | AKS Price Checker server booted up and ready for requests!
2026-07-23 16:45:17.81 | INFO    | API      | SEARCH REQUEST -> Category: 'phone', Query: 'IPhone 13'
2026-07-23 16:45:17.81 | INFO    | SYSTEM   | Launching concurent search across 7 'phone' sites for: 'IPhone 13'
2026-07-23 16:45:18.63 | INFO    | NETWORK  | [GagoGSM] GET -> Status 200 OK (764ms)
2026-07-23 16:45:18.83 | INFO    | PARSER   | [GagoGSM] Exracted 28 items in 201ms
2026-07-23 16:45:18.83 | ERROR   | PARSER   | [MasterClub] Fetch/Parse failed: Custom fetcher returned empty/None
2026-07-23 16:45:19.01 | INFO    | NETWORK  | [Smenime] GET -> Status 200 OK (1140ms)
2026-07-23 16:45:19.02 | INFO    | PARSER   | [Smenime] Exracted 4 items in 15ms
2026-07-23 16:45:19.46 | INFO    | NETWORK  | [Alpha Mobile] GET -> Status 200 OK (1598ms)
2026-07-23 16:45:19.53 | INFO    | NETWORK  | [Cellphone BG] GET -> Status 200 OK (1668ms)
2026-07-23 16:45:19.64 | INFO    | PARSER   | [Alpha Mobile] Exracted 50 items in 176ms
2026-07-23 16:45:19.83 | INFO    | PARSER   | [Cellphone BG] Exracted 19 items in 274ms
2026-07-23 16:45:19.84 | INFO    | NETWORK  | [Siaifon] GET -> Status 200 OK (1968ms)
2026-07-23 16:45:20.32 | INFO    | PARSER   | [Siaifon] Exracted 60 items in 478ms
2026-07-23 16:45:21.28 | INFO    | NETWORK  | [PhoneZona] GET -> Status 200 OK (3410ms)
2026-07-23 16:45:21.99 | INFO    | PARSER   | [PhoneZona] Exracted 15 items in 709ms
2026-07-23 16:45:21.99 | SUCCESS | API      | SEARCH COMPLETED -> Found 176 items across all sites in 4.17s
2026-07-23 16:47:30.35 | SUCCESS | SYSTEM   | AKS Price Checker server booted up and ready for requests!
2026-07-23 16:47:31.06 | SUCCESS | SYSTEM   | AKS Price Checker server booted up and ready for requests!
2026-07-23 16:47:37.89 | SUCCESS | SYSTEM   | AKS Price Checker server booted up and ready for requests!
2026-07-23 16:47:55.86 | INFO    | API      | SEARCH REQUEST -> Category: 'phone', Query: 'Iphone 13'
2026-07-23 16:47:55.86 | INFO    | SYSTEM   | Launching concurent search across 7 'phone' sites for: 'Iphone 13'
2026-07-23 16:47:56.84 | INFO    | NETWORK  | [Cellphone BG] GET -> Status 200 OK (940ms)
2026-07-23 16:47:57.15 | INFO    | PARSER   | [Cellphone BG] Exracted 19 items in 306ms
2026-07-23 16:47:57.32 | INFO    | NETWORK  | [Alpha Mobile] GET -> Status 200 OK (1412ms)
2026-07-23 16:47:57.46 | INFO    | PARSER   | [Alpha Mobile] Exracted 50 items in 142ms
2026-07-23 16:47:58.02 | INFO    | NETWORK  | [GagoGSM] GET -> Status 200 OK (2113ms)
2026-07-23 16:47:58.20 | INFO    | PARSER   | [GagoGSM] Exracted 28 items in 180ms
2026-07-23 16:48:01.40 | ERROR   | PARSER   | [MasterClub] Fetch/Parse failed: Custom fetcher returned empty/None
2026-07-23 16:48:01.53 | INFO    | NETWORK  | [Smenime] GET -> Status 200 OK (5625ms)
2026-07-23 16:48:01.55 | INFO    | PARSER   | [Smenime] Exracted 4 items in 15ms
2026-07-23 16:48:02.35 | INFO    | NETWORK  | [Siaifon] GET -> Status 200 OK (6448ms)
2026-07-23 16:48:02.77 | INFO    | NETWORK  | [PhoneZona] GET -> Status 200 OK (6869ms)
2026-07-23 16:48:03.15 | INFO    | PARSER   | [Siaifon] Exracted 60 items in 795ms
2026-07-23 16:48:04.11 | INFO    | PARSER   | [PhoneZona] Exracted 15 items in 1325ms
2026-07-23 16:48:04.12 | SUCCESS | API      | SEARCH COMPLETED -> Found 176 items across all sites in 8.25s
2026-07-23 16:51:31.20 | SUCCESS | SYSTEM   | AKS Price Checker server booted up and ready for requests!
2026-07-23 16:51:33.26 | SUCCESS | SYSTEM   | AKS Price Checker server booted up and ready for requests!
2026-07-23 16:51:35.29 | SUCCESS | SYSTEM   | AKS Price Checker server booted up and ready for requests!
2026-07-23 16:51:51.71 | SUCCESS | SYSTEM   | AKS Price Checker server booted up and ready for requests!
2026-07-23 16:51:52.62 | SUCCESS | SYSTEM   | AKS Price Checker server booted up and ready for requests!
2026-07-23 16:51:55.85 | SUCCESS | SYSTEM   | AKS Price Checker server booted up and ready for requests!
2026-07-23 16:51:56.60 | SUCCESS | SYSTEM   | AKS Price Checker server booted up and ready for requests!
2026-07-23 16:53:05.82 | SUCCESS | SYSTEM   | AKS Price Checker server booted up and ready for requests!
2026-07-23 16:53:10.73 | SUCCESS | SYSTEM   | AKS Price Checker server booted up and ready for requests!
2026-07-23 16:53:11.67 | SUCCESS | SYSTEM   | AKS Price Checker server booted up and ready for requests!
2026-07-23 16:53:12.43 | SUCCESS | SYSTEM   | AKS Price Checker server booted up and ready for requests!
2026-07-23 16:53:22.29 | SUCCESS | SYSTEM   | AKS Price Checker server booted up and ready for requests!
2026-07-23 16:53:23.03 | SUCCESS | SYSTEM   | AKS Price Checker server booted up and ready for requests!
2026-07-23 16:53:35.54 | INFO    | API      | SEARCH REQUEST -> Category: 'phone', Query: 'Iphone 13'
2026-07-23 16:53:35.54 | INFO    | SYSTEM   | Launching concurent search across 7 'phone' sites for: 'Iphone 13'
2026-07-23 16:53:35.61 | INFO    | NETWORK  | [MasterClub] Fetching homepage for fresh session & security_hash...
2026-07-23 16:53:36.31 | INFO    | NETWORK  | [Cellphone BG] GET -> Status 200 OK (713ms)
2026-07-23 16:53:36.52 | WARNING | NETWORK  | [MasterClub] No security_hash found! Executing direct search fallback...
2026-07-23 16:53:36.57 | INFO    | PARSER   | [Cellphone BG] Exracted 19 items in 257ms
2026-07-23 16:53:36.58 | WARNING | PARSER   | [MasterClub] 0 items found in 1ms! (CSS selector 'a.product-title' broken or empty query)
2026-07-23 16:53:36.63 | INFO    | NETWORK  | [Smenime] GET -> Status 200 OK (1022ms)
2026-07-23 16:53:36.66 | INFO    | PARSER   | [Smenime] Exracted 4 items in 35ms
2026-07-23 16:53:36.79 | INFO    | NETWORK  | [GagoGSM] GET -> Status 200 OK (1180ms)
2026-07-23 16:53:36.96 | INFO    | PARSER   | [GagoGSM] Exracted 28 items in 176ms
2026-07-23 16:53:38.02 | INFO    | NETWORK  | [Siaifon] GET -> Status 200 OK (2411ms)
2026-07-23 16:53:38.58 | INFO    | PARSER   | [Siaifon] Exracted 60 items in 557ms
2026-07-23 16:53:38.87 | INFO    | NETWORK  | [Alpha Mobile] GET -> Status 200 OK (3269ms)
2026-07-23 16:53:39.10 | INFO    | PARSER   | [Alpha Mobile] Exracted 50 items in 220ms
2026-07-23 16:53:39.67 | INFO    | NETWORK  | [PhoneZona] GET -> Status 200 OK (4061ms)
2026-07-23 16:53:40.52 | INFO    | PARSER   | [PhoneZona] Exracted 15 items in 849ms
2026-07-23 16:53:40.52 | SUCCESS | API      | SEARCH COMPLETED -> Found 176 items across all sites in 4.98s
2026-07-23 16:53:45.68 | INFO    | API      | SEARCH REQUEST -> Category: 'phone', Query: 'Iphone'
2026-07-23 16:53:45.69 | INFO    | SYSTEM   | Launching concurent search across 7 'phone' sites for: 'Iphone'
2026-07-23 16:53:45.70 | INFO    | NETWORK  | [MasterClub] Fetching homepage for fresh session & security_hash...
2026-07-23 16:53:46.87 | WARNING | NETWORK  | [MasterClub] No security_hash found! Executing direct search fallback...
2026-07-23 16:53:46.90 | WARNING | PARSER   | [MasterClub] 0 items found in 1ms! (CSS selector 'a.product-title' broken or empty query)
2026-07-23 16:53:47.23 | INFO    | NETWORK  | [Smenime] GET -> Status 200 OK (1534ms)
2026-07-23 16:53:47.27 | INFO    | PARSER   | [Smenime] Exracted 35 items in 42ms
2026-07-23 16:53:48.40 | INFO    | NETWORK  | [Siaifon] GET -> Status 200 OK (2706ms)
2026-07-23 16:53:48.91 | INFO    | NETWORK  | [GagoGSM] GET -> Status 200 OK (3211ms)
2026-07-23 16:53:48.95 | INFO    | PARSER   | [Siaifon] Exracted 60 items in 542ms
2026-07-23 16:53:49.09 | INFO    | NETWORK  | [Alpha Mobile] GET -> Status 200 OK (3399ms)
2026-07-23 16:53:49.19 | INFO    | PARSER   | [GagoGSM] Exracted 28 items in 276ms
2026-07-23 16:53:49.28 | INFO    | PARSER   | [Alpha Mobile] Exracted 50 items in 170ms
2026-07-23 16:53:50.06 | INFO    | NETWORK  | [PhoneZona] GET -> Status 200 OK (4366ms)
2026-07-23 16:53:50.77 | INFO    | PARSER   | [PhoneZona] Exracted 15 items in 705ms
2026-07-23 16:53:51.67 | INFO    | NETWORK  | [Cellphone BG] GET -> Status 200 OK (5973ms)
2026-07-23 16:53:51.90 | INFO    | PARSER   | [Cellphone BG] Exracted 20 items in 234ms
2026-07-23 16:53:51.90 | SUCCESS | API      | SEARCH COMPLETED -> Found 208 items across all sites in 6.22s
2026-07-23 16:56:08.66 | SUCCESS | SYSTEM   | AKS Price Checker server booted up and ready for requests!
2026-07-23 16:56:09.56 | SUCCESS | SYSTEM   | AKS Price Checker server booted up and ready for requests!
2026-07-23 16:58:37.10 | SUCCESS | SYSTEM   | AKS Price Checker server booted up and ready for requests!
2026-07-23 16:58:53.15 | SUCCESS | SYSTEM   | AKS Price Checker server booted up and ready for requests!
2026-07-23 17:01:52.00 | SUCCESS | SYSTEM   | AKS Price Checker server booted up and ready for requests!
2026-07-23 17:01:56.52 | SUCCESS | SYSTEM   | AKS Price Checker server booted up and ready for requests!
2026-07-23 17:02:16.28 | INFO    | API      | SEARCH REQUEST -> Category: 'phone', Query: 'Iphone 13'
2026-07-23 17:02:16.28 | INFO    | SYSTEM   | Launching concurent search across 7 'phone' sites for: 'Iphone 13'
2026-07-23 17:02:16.33 | INFO    | NETWORK  | [MasterClub] Fetching homepage to establish session cookie...
2026-07-23 17:02:16.70 | WARNING | NETWORK  | [MasterClub] Search returned status 403
2026-07-23 17:02:16.70 | ERROR   | PARSER   | [MasterClub] Fetch/Parse failed: Custom fetcher returned empty/None
2026-07-23 17:02:16.83 | INFO    | NETWORK  | [Smenime] GET -> Status 200 OK (501ms)
2026-07-23 17:02:16.88 | INFO    | PARSER   | [Smenime] Exracted 4 items in 49ms
2026-07-23 17:02:17.00 | INFO    | NETWORK  | [GagoGSM] GET -> Status 200 OK (670ms)
2026-07-23 17:02:17.22 | INFO    | PARSER   | [GagoGSM] Exracted 28 items in 224ms
2026-07-23 17:02:17.78 | INFO    | NETWORK  | [Cellphone BG] GET -> Status 200 OK (1455ms)
2026-07-23 17:02:17.96 | INFO    | NETWORK  | [Siaifon] GET -> Status 200 OK (1636ms)
2026-07-23 17:02:18.09 | INFO    | PARSER   | [Cellphone BG] Exracted 19 items in 307ms
2026-07-23 17:02:18.17 | INFO    | NETWORK  | [Alpha Mobile] GET -> Status 200 OK (1840ms)
2026-07-23 17:02:18.45 | INFO    | PARSER   | [Alpha Mobile] Exracted 50 items in 255ms
2026-07-23 17:02:18.63 | INFO    | PARSER   | [Siaifon] Exracted 60 items in 663ms
2026-07-23 17:02:20.07 | INFO    | NETWORK  | [PhoneZona] GET -> Status 200 OK (3746ms)
2026-07-23 17:02:20.77 | INFO    | PARSER   | [PhoneZona] Exracted 15 items in 691ms
2026-07-23 17:02:20.77 | SUCCESS | API      | SEARCH COMPLETED -> Found 176 items across all sites in 4.49s
2026-07-23 17:02:35.03 | SUCCESS | SYSTEM   | AKS Price Checker server booted up and ready for requests!
2026-07-23 17:03:07.00 | SUCCESS | SYSTEM   | AKS Price Checker server booted up and ready for requests!
2026-07-23 17:03:13.45 | INFO    | API      | SEARCH REQUEST -> Category: 'phone', Query: 'Iphone 13'
2026-07-23 17:03:13.45 | INFO    | SYSTEM   | Launching concurent search across 7 'phone' sites for: 'Iphone 13'
2026-07-23 17:03:13.50 | INFO    | NETWORK  | [MasterClub] Fetching homepage to establish session cookie...
2026-07-23 17:03:14.25 | INFO    | NETWORK  | [Cellphone BG] GET -> Status 200 OK (751ms)
2026-07-23 17:03:14.61 | INFO    | PARSER   | [Cellphone BG] Exracted 19 items in 359ms
2026-07-23 17:03:14.85 | INFO    | NETWORK  | [GagoGSM] GET -> Status 200 OK (1352ms)
2026-07-23 17:03:15.06 | INFO    | PARSER   | [GagoGSM] Exracted 28 items in 201ms
2026-07-23 17:03:15.06 | INFO    | NETWORK  | [Alpha Mobile] GET -> Status 200 OK (1557ms)
2026-07-23 17:03:15.18 | INFO    | PARSER   | [Alpha Mobile] Exracted 50 items in 124ms
2026-07-23 17:03:16.08 | INFO    | NETWORK  | [Smenime] GET -> Status 200 OK (2576ms)
2026-07-23 17:03:16.09 | INFO    | PARSER   | [Smenime] Exracted 4 items in 14ms
2026-07-23 17:03:16.09 | WARNING | NETWORK  | [MasterClub] Search returned status 403
2026-07-23 17:03:16.09 | ERROR   | PARSER   | [MasterClub] Fetch/Parse failed: Custom fetcher returned empty/None
2026-07-23 17:03:16.94 | INFO    | NETWORK  | [PhoneZona] GET -> Status 200 OK (3442ms)
2026-07-23 17:03:17.11 | INFO    | NETWORK  | [Siaifon] GET -> Status 200 OK (3610ms)
2026-07-23 17:03:18.10 | INFO    | PARSER   | [Siaifon] Exracted 60 items in 970ms
2026-07-23 17:03:18.16 | INFO    | PARSER   | [PhoneZona] Exracted 15 items in 1216ms
2026-07-23 17:03:18.16 | SUCCESS | API      | SEARCH COMPLETED -> Found 176 items across all sites in 4.71s
2026-07-23 17:08:04.49 | SUCCESS | SYSTEM   | AKS Price Checker server booted up and ready for requests!
2026-07-23 17:08:05.32 | SUCCESS | SYSTEM   | AKS Price Checker server booted up and ready for requests!
2026-07-23 17:08:06.01 | SUCCESS | SYSTEM   | AKS Price Checker server booted up and ready for requests!
2026-07-23 17:08:12.57 | SUCCESS | SYSTEM   | AKS Price Checker server booted up and ready for requests!
2026-07-23 17:08:13.43 | SUCCESS | SYSTEM   | AKS Price Checker server booted up and ready for requests!
2026-07-23 17:08:17.62 | INFO    | API      | SEARCH REQUEST -> Category: 'phone', Query: 'Iphone 13'
2026-07-23 17:08:17.62 | INFO    | SYSTEM   | Launching concurent search across 7 'phone' sites for: 'Iphone 13'
2026-07-23 17:08:17.66 | INFO    | NETWORK  | [MasterClub] Fetching homepage for fresh session & security_hash...
2026-07-23 17:08:18.20 | INFO    | NETWORK  | [Cellphone BG] GET -> Status 200 OK (544ms)
2026-07-23 17:08:18.35 | INFO    | NETWORK  | [Smenime] GET -> Status 200 OK (694ms)
2026-07-23 17:08:18.43 | INFO    | PARSER   | [Smenime] Exracted 4 items in 74ms
2026-07-23 17:08:18.48 | INFO    | PARSER   | [Cellphone BG] Exracted 19 items in 273ms
2026-07-23 17:08:18.60 | INFO    | NETWORK  | [GagoGSM] GET -> Status 200 OK (945ms)
2026-07-23 17:08:18.78 | INFO    | PARSER   | [GagoGSM] Exracted 28 items in 177ms
2026-07-23 17:08:19.03 | INFO    | NETWORK  | [Alpha Mobile] GET -> Status 200 OK (1375ms)
2026-07-23 17:08:19.16 | INFO    | PARSER   | [Alpha Mobile] Exracted 50 items in 121ms
2026-07-23 17:08:19.63 | INFO    | NETWORK  | [Siaifon] GET -> Status 200 OK (1966ms)
2026-07-23 17:08:20.09 | INFO    | PARSER   | [Siaifon] Exracted 60 items in 457ms
2026-07-23 17:08:20.39 | INFO    | PARSER   | [MasterClub] Exracted 20 items in 162ms
2026-07-23 17:08:20.92 | INFO    | NETWORK  | [PhoneZona] GET -> Status 200 OK (3263ms)
2026-07-23 17:08:22.01 | INFO    | PARSER   | [PhoneZona] Exracted 15 items in 1084ms
2026-07-23 17:08:22.01 | SUCCESS | API      | SEARCH COMPLETED -> Found 196 items across all sites in 4.39s
2026-07-23 20:25:22.61 | SUCCESS | SYSTEM   | AKS Price Checker server booted up and ready for requests!
2026-07-24 12:54:46.88 | SUCCESS | SYSTEM   | AKS Price Checker server booted up and ready for requests!
2026-07-24 12:56:42.73 | SUCCESS | SYSTEM   | AKS Price Checker server booted up and ready for requests!
2026-07-24 12:57:28.91 | SUCCESS | SYSTEM   | AKS Price Checker server booted up and ready for requests!
2026-07-24 12:59:59.87 | INFO    | API      | SEARCH REQUEST -> Category: 'phone', Query: 'IPhone 13'
2026-07-24 12:59:59.87 | INFO    | SYSTEM   | Launching concurent search across 7 'phone' sites for: 'IPhone 13'
2026-07-24 12:59:59.92 | INFO    | NETWORK  | [MasterClub] Fetching homepage for fresh session & security_hash...
2026-07-24 13:00:00.63 | INFO    | NETWORK  | [Smenime] GET -> Status 200 OK (712ms)
2026-07-24 13:00:00.67 | INFO    | PARSER   | [Smenime] Exracted 4 items in 33ms
2026-07-24 13:00:01.12 | INFO    | NETWORK  | [GagoGSM] GET -> Status 200 OK (1202ms)
2026-07-24 13:00:01.34 | INFO    | PARSER   | [GagoGSM] Exracted 28 items in 213ms
2026-07-24 13:00:01.66 | INFO    | NETWORK  | [Siaifon] GET -> Status 200 OK (1731ms)
2026-07-24 13:00:01.77 | INFO    | PARSER   | [MasterClub] Exracted 20 items in 275ms
2026-07-24 13:00:02.75 | INFO    | PARSER   | [Siaifon] Exracted 60 items in 1081ms
2026-07-24 13:00:03.99 | INFO    | NETWORK  | [PhoneZona] GET -> Status 200 OK (4070ms)
2026-07-24 13:00:04.71 | INFO    | PARSER   | [PhoneZona] Exracted 15 items in 718ms
2026-07-24 13:00:05.23 | INFO    | NETWORK  | [Cellphone BG] GET -> Status 200 OK (5318ms)
2026-07-24 13:00:05.45 | INFO    | PARSER   | [Cellphone BG] Exracted 19 items in 220ms
2026-07-24 13:00:05.60 | INFO    | NETWORK  | [Alpha Mobile] GET -> Status 200 OK (5681ms)
2026-07-24 13:00:05.72 | INFO    | PARSER   | [Alpha Mobile] Exracted 50 items in 119ms
2026-07-24 13:00:05.72 | SUCCESS | API      | SEARCH COMPLETED -> Found 196 items across all sites in 5.85s
2026-07-24 13:00:08.63 | SUCCESS | API      | CACHE HIT -> Return instant results for 'IPhone 13' (phone)
2026-07-24 13:00:15.99 | SUCCESS | API      | CACHE HIT -> Return instant results for 'IPhone 13' (phone)
2026-07-24 13:01:33.70 | INFO    | API      | SEARCH REQUEST -> Category: 'pc', Query: 'ThinkPad'
2026-07-24 13:01:33.71 | INFO    | SYSTEM   | Launching concurent search across 3 'pc' sites for: 'ThinkPad'
2026-07-24 13:01:34.30 | INFO    | NETWORK  | [Bazar] GET -> Status 200 OK (588ms)
2026-07-24 13:01:34.46 | INFO    | PARSER   | [Bazar] Exracted 68 items in 160ms
2026-07-24 13:01:34.66 | INFO    | NETWORK  | [LaptopRemont] GET -> Status 200 OK (947ms)
2026-07-24 13:01:34.71 | INFO    | PARSER   | [LaptopRemont] Exracted 10 items in 53ms
2026-07-24 13:01:35.91 | INFO    | NETWORK  | [OLX] GET -> Status 200 OK (2196ms)
2026-07-24 13:01:36.01 | WARNING | PARSER   | [OLX] 0 items found in 101ms! (CSS selector 'a.css-z3gu2d' broken or empty query)
2026-07-24 13:01:36.02 | SUCCESS | API      | SEARCH COMPLETED -> Found 78 items across all sites in 2.31s
2026-07-24 13:02:05.98 | SUCCESS | API      | CACHE HIT -> Return instant results for 'Iphone 13' (phone)
2026-07-24 13:04:38.26 | INFO    | API      | SEARCH REQUEST -> Category: 'phone', Query: 'Iphone 13 Case'
2026-07-24 13:04:38.26 | INFO    | SYSTEM   | Launching concurent search across 7 'phone' sites for: 'Iphone 13 Case'
2026-07-24 13:04:38.27 | INFO    | NETWORK  | [MasterClub] Fetching homepage for fresh session & security_hash...
2026-07-24 13:04:38.74 | INFO    | NETWORK  | [Smenime] GET -> Status 200 OK (468ms)
2026-07-24 13:04:38.77 | WARNING | PARSER   | [Smenime] 0 items found in 26ms! (CSS selector 'a[title]' broken or empty query)
2026-07-24 13:04:38.98 | INFO    | NETWORK  | [Cellphone BG] GET -> Status 200 OK (712ms)
2026-07-24 13:04:39.22 | INFO    | NETWORK  | [GagoGSM] GET -> Status 200 OK (944ms)
2026-07-24 13:04:39.40 | INFO    | PARSER   | [Cellphone BG] Exracted 19 items in 419ms
2026-07-24 13:04:39.52 | INFO    | PARSER   | [GagoGSM] Exracted 28 items in 285ms
2026-07-24 13:04:39.55 | WARNING | PARSER   | [MasterClub] 0 items found in 71ms! (CSS selector 'a.product-title' broken or empty query)
2026-07-24 13:04:39.61 | INFO    | NETWORK  | [Siaifon] GET -> Status 200 OK (1330ms)
2026-07-24 13:04:40.02 | INFO    | PARSER   | [Siaifon] Exracted 37 items in 410ms
2026-07-24 13:04:41.42 | INFO    | NETWORK  | [Alpha Mobile] GET -> Status 200 OK (3145ms)
2026-07-24 13:04:41.49 | INFO    | PARSER   | [Alpha Mobile] Exracted 17 items in 73ms
2026-07-24 13:04:41.52 | INFO    | NETWORK  | [PhoneZona] GET -> Status 200 OK (3243ms)
2026-07-24 13:04:42.17 | INFO    | PARSER   | [PhoneZona] Exracted 15 items in 655ms
2026-07-24 13:04:42.17 | SUCCESS | API      | SEARCH COMPLETED -> Found 116 items across all sites in 3.91s
2026-07-24 13:04:56.75 | INFO    | API      | SEARCH REQUEST -> Category: 'phone', Query: 'Iphone 13 Display'
2026-07-24 13:04:56.75 | INFO    | SYSTEM   | Launching concurent search across 7 'phone' sites for: 'Iphone 13 Display'
2026-07-24 13:04:56.77 | INFO    | NETWORK  | [MasterClub] Fetching homepage for fresh session & security_hash...
2026-07-24 13:04:57.16 | INFO    | NETWORK  | [Smenime] GET -> Status 200 OK (397ms)
2026-07-24 13:04:57.17 | WARNING | PARSER   | [Smenime] 0 items found in 10ms! (CSS selector 'a[title]' broken or empty query)
2026-07-24 13:04:57.29 | INFO    | NETWORK  | [Cellphone BG] GET -> Status 200 OK (531ms)
2026-07-24 13:04:57.32 | WARNING | PARSER   | [Cellphone BG] 0 items found in 21ms! (CSS selector '.product-thumb h4 a, .caption a, .name a, h4 a, .product-title a, a.prod-info' broken or empty query)
2026-07-24 13:04:57.39 | INFO    | NETWORK  | [GagoGSM] GET -> Status 200 OK (622ms)
2026-07-24 13:04:57.51 | WARNING | PARSER   | [GagoGSM] 0 items found in 125ms! (CSS selector '.product-thumb h4 a, .caption a, .name a, h4 a, .product-title a, a.prod-info' broken or empty query)
2026-07-24 13:04:57.65 | INFO    | NETWORK  | [Siaifon] GET -> Status 200 OK (887ms)
2026-07-24 13:04:57.70 | WARNING | PARSER   | [MasterClub] 0 items found in 80ms! (CSS selector 'a.product-title' broken or empty query)
2026-07-24 13:04:58.17 | WARNING | PARSER   | [Siaifon] 0 items found in 512ms! (CSS selector 'a.c-product-grid__product-title-link' broken or empty query)
2026-07-24 13:04:58.19 | INFO    | NETWORK  | [Alpha Mobile] GET -> Status 200 OK (1430ms)
2026-07-24 13:04:58.23 | WARNING | PARSER   | [Alpha Mobile] 0 items found in 36ms! (CSS selector '.product-thumb h4 a, .caption a, .name a, h4 a, .product-title a, a.prod-info' broken or empty query)
2026-07-24 13:04:58.33 | INFO    | NETWORK  | [PhoneZona] GET -> Status 200 OK (1568ms)
2026-07-24 13:04:58.96 | WARNING | PARSER   | [PhoneZona] 0 items found in 626ms! (CSS selector '.product-thumb h4 a, .caption a, .name a, h4 a, .product-title a, a.prod-info' broken or empty query)
2026-07-24 13:04:58.96 | SUCCESS | API      | SEARCH COMPLETED -> Found 0 items across all sites in 2.21s
2026-07-24 13:05:45.34 | INFO    | API      | SEARCH REQUEST -> Category: 'phone', Query: 'Iphone 13 Дисплей'
2026-07-24 13:05:45.34 | INFO    | SYSTEM   | Launching concurent search across 7 'phone' sites for: 'Iphone 13 Дисплей'
2026-07-24 13:05:45.36 | INFO    | NETWORK  | [MasterClub] Fetching homepage for fresh session & security_hash...
2026-07-24 13:05:45.80 | INFO    | NETWORK  | [Smenime] GET -> Status 200 OK (447ms)
2026-07-24 13:05:45.81 | WARNING | PARSER   | [Smenime] 0 items found in 9ms! (CSS selector 'a[title]' broken or empty query)
2026-07-24 13:05:45.91 | INFO    | NETWORK  | [Cellphone BG] GET -> Status 200 OK (559ms)
2026-07-24 13:05:46.22 | INFO    | PARSER   | [Cellphone BG] Exracted 18 items in 314ms
2026-07-24 13:05:46.23 | INFO    | NETWORK  | [GagoGSM] GET -> Status 200 OK (875ms)
2026-07-24 13:05:46.36 | INFO    | PARSER   | [GagoGSM] Exracted 5 items in 129ms
2026-07-24 13:05:46.39 | INFO    | NETWORK  | [Siaifon] GET -> Status 200 OK (1037ms)
2026-07-24 13:05:46.74 | INFO    | PARSER   | [Siaifon] Exracted 2 items in 344ms
2026-07-24 13:05:46.83 | INFO    | NETWORK  | [Alpha Mobile] GET -> Status 200 OK (1484ms)
2026-07-24 13:05:46.98 | INFO    | PARSER   | [MasterClub] Exracted 17 items in 239ms
2026-07-24 13:05:47.04 | INFO    | PARSER   | [Alpha Mobile] Exracted 50 items in 196ms
2026-07-24 13:05:47.04 | INFO    | NETWORK  | [PhoneZona] GET -> Status 200 OK (1689ms)
2026-07-24 13:05:47.65 | WARNING | PARSER   | [PhoneZona] 0 items found in 604ms! (CSS selector '.product-thumb h4 a, .caption a, .name a, h4 a, .product-title a, a.prod-info' broken or empty query)
2026-07-24 13:05:47.65 | SUCCESS | API      | SEARCH COMPLETED -> Found 92 items across all sites in 2.31s
2026-07-24 13:06:55.27 | INFO    | API      | SEARCH REQUEST -> Category: 'phone', Query: 'Iphone 13 Дисплей OLED'
2026-07-24 13:06:55.27 | INFO    | SYSTEM   | Launching concurent search across 7 'phone' sites for: 'Iphone 13 Дисплей OLED'
2026-07-24 13:06:55.28 | INFO    | NETWORK  | [MasterClub] Fetching homepage for fresh session & security_hash...
2026-07-24 13:06:55.88 | INFO    | NETWORK  | [Cellphone BG] GET -> Status 200 OK (606ms)
2026-07-24 13:06:56.21 | INFO    | PARSER   | [Cellphone BG] Exracted 14 items in 328ms
2026-07-24 13:06:56.22 | INFO    | NETWORK  | [GagoGSM] GET -> Status 200 OK (938ms)
2026-07-24 13:06:56.23 | INFO    | NETWORK  | [Smenime] GET -> Status 200 OK (954ms)
2026-07-24 13:06:56.27 | WARNING | PARSER   | [Smenime] 0 items found in 28ms! (CSS selector 'a[title]' broken or empty query)
2026-07-24 13:06:56.37 | WARNING | PARSER   | [GagoGSM] 0 items found in 151ms! (CSS selector '.product-thumb h4 a, .caption a, .name a, h4 a, .product-title a, a.prod-info' broken or empty query)
2026-07-24 13:06:56.37 | INFO    | NETWORK  | [Alpha Mobile] GET -> Status 200 OK (1093ms)
2026-07-24 13:06:56.38 | INFO    | NETWORK  | [Siaifon] GET -> Status 200 OK (1094ms)
2026-07-24 13:06:56.50 | INFO    | PARSER   | [Alpha Mobile] Exracted 18 items in 132ms
2026-07-24 13:06:57.11 | WARNING | PARSER   | [Siaifon] 0 items found in 714ms! (CSS selector 'a.c-product-grid__product-title-link' broken or empty query)
2026-07-24 13:06:57.26 | INFO    | NETWORK  | [PhoneZona] GET -> Status 200 OK (1977ms)
2026-07-24 13:06:57.32 | INFO    | PARSER   | [MasterClub] Exracted 17 items in 228ms
2026-07-24 13:06:57.90 | WARNING | PARSER   | [PhoneZona] 0 items found in 626ms! (CSS selector '.product-thumb h4 a, .caption a, .name a, h4 a, .product-title a, a.prod-info' broken or empty query)
2026-07-24 13:06:57.90 | SUCCESS | API      | SEARCH COMPLETED -> Found 49 items across all sites in 2.63s
2026-07-24 13:07:33.17 | INFO    | API      | SEARCH REQUEST -> Category: 'phone', Query: 'Iphone 13 Дисплей Оригинален'
2026-07-24 13:07:33.17 | INFO    | SYSTEM   | Launching concurent search across 7 'phone' sites for: 'Iphone 13 Дисплей Оригинален'
2026-07-24 13:07:33.18 | INFO    | NETWORK  | [MasterClub] Fetching homepage for fresh session & security_hash...
2026-07-24 13:07:33.59 | INFO    | NETWORK  | [Smenime] GET -> Status 200 OK (412ms)
2026-07-24 13:07:33.61 | WARNING | PARSER   | [Smenime] 0 items found in 19ms! (CSS selector 'a[title]' broken or empty query)
2026-07-24 13:07:33.80 | INFO    | NETWORK  | [Cellphone BG] GET -> Status 200 OK (617ms)
2026-07-24 13:07:33.82 | WARNING | PARSER   | [Cellphone BG] 0 items found in 24ms! (CSS selector '.product-thumb h4 a, .caption a, .name a, h4 a, .product-title a, a.prod-info' broken or empty query)
2026-07-24 13:07:34.01 | INFO    | NETWORK  | [Siaifon] GET -> Status 200 OK (826ms)
2026-07-24 13:07:34.44 | WARNING | PARSER   | [MasterClub] 0 items found in 129ms! (CSS selector 'a.product-title' broken or empty query)
2026-07-24 13:07:34.45 | INFO    | NETWORK  | [Alpha Mobile] GET -> Status 200 OK (1273ms)
2026-07-24 13:07:34.61 | INFO    | PARSER   | [Alpha Mobile] Exracted 8 items in 153ms
2026-07-24 13:07:34.62 | INFO    | PARSER   | [Siaifon] Exracted 2 items in 612ms
2026-07-24 13:07:34.63 | INFO    | NETWORK  | [GagoGSM] GET -> Status 200 OK (1444ms)
2026-07-24 13:07:34.79 | WARNING | PARSER   | [GagoGSM] 0 items found in 167ms! (CSS selector '.product-thumb h4 a, .caption a, .name a, h4 a, .product-title a, a.prod-info' broken or empty query)
2026-07-24 13:07:34.88 | INFO    | NETWORK  | [PhoneZona] GET -> Status 200 OK (1694ms)
2026-07-24 13:07:35.58 | WARNING | PARSER   | [PhoneZona] 0 items found in 699ms! (CSS selector '.product-thumb h4 a, .caption a, .name a, h4 a, .product-title a, a.prod-info' broken or empty query)
2026-07-24 13:07:35.58 | SUCCESS | API      | SEARCH COMPLETED -> Found 10 items across all sites in 2.41s
2026-07-24 13:10:06.62 | SUCCESS | API      | CACHE HIT -> Return instant results for 'ThinkPad' (pc)
2026-07-24 13:10:49.20 | INFO    | API      | SEARCH REQUEST -> Category: 'phone', Query: 'ThinkPad'
2026-07-24 13:10:49.20 | INFO    | SYSTEM   | Launching concurent search across 7 'phone' sites for: 'ThinkPad'
2026-07-24 13:10:49.22 | INFO    | NETWORK  | [MasterClub] Fetching homepage for fresh session & security_hash...
2026-07-24 13:10:49.81 | INFO    | NETWORK  | [Smenime] GET -> Status 200 OK (597ms)
2026-07-24 13:10:49.82 | INFO    | NETWORK  | [Cellphone BG] GET -> Status 200 OK (602ms)
2026-07-24 13:10:49.84 | WARNING | PARSER   | [Smenime] 0 items found in 19ms! (CSS selector 'a[title]' broken or empty query)
2026-07-24 13:10:49.86 | WARNING | PARSER   | [Cellphone BG] 0 items found in 43ms! (CSS selector '.product-thumb h4 a, .caption a, .name a, h4 a, .product-title a, a.prod-info' broken or empty query)
2026-07-24 13:10:50.09 | INFO    | NETWORK  | [Siaifon] GET -> Status 200 OK (865ms)
2026-07-24 13:10:50.13 | INFO    | NETWORK  | [GagoGSM] GET -> Status 200 OK (910ms)
2026-07-24 13:10:50.46 | WARNING | PARSER   | [GagoGSM] 0 items found in 330ms! (CSS selector '.product-thumb h4 a, .caption a, .name a, h4 a, .product-title a, a.prod-info' broken or empty query)
2026-07-24 13:10:50.86 | INFO    | NETWORK  | [Alpha Mobile] GET -> Status 200 OK (1647ms)
2026-07-24 13:10:50.96 | INFO    | PARSER   | [MasterClub] Exracted 2 items in 167ms
2026-07-24 13:10:51.03 | WARNING | PARSER   | [Alpha Mobile] 0 items found in 153ms! (CSS selector '.product-thumb h4 a, .caption a, .name a, h4 a, .product-title a, a.prod-info' broken or empty query)
2026-07-24 13:10:51.11 | WARNING | PARSER   | [Siaifon] 0 items found in 1026ms! (CSS selector 'a.c-product-grid__product-title-link' broken or empty query)
2026-07-24 13:10:51.84 | INFO    | NETWORK  | [PhoneZona] GET -> Status 200 OK (2620ms)
2026-07-24 13:10:52.47 | WARNING | PARSER   | [PhoneZona] 0 items found in 632ms! (CSS selector '.product-thumb h4 a, .caption a, .name a, h4 a, .product-title a, a.prod-info' broken or empty query)
2026-07-24 13:10:52.47 | SUCCESS | API      | SEARCH COMPLETED -> Found 2 items across all sites in 3.28s
2026-07-24 13:11:07.43 | INFO    | API      | SEARCH REQUEST -> Category: 'pc', Query: 'IPhone'
2026-07-24 13:11:07.43 | INFO    | SYSTEM   | Launching concurent search across 3 'pc' sites for: 'IPhone'
2026-07-24 13:11:08.14 | INFO    | NETWORK  | [Bazar] GET -> Status 200 OK (694ms)
2026-07-24 13:11:08.33 | INFO    | PARSER   | [Bazar] Exracted 68 items in 193ms
2026-07-24 13:11:08.34 | INFO    | NETWORK  | [LaptopRemont] GET -> Status 200 OK (897ms)
2026-07-24 13:11:08.39 | INFO    | PARSER   | [LaptopRemont] Exracted 10 items in 54ms
2026-07-24 13:11:09.59 | INFO    | NETWORK  | [OLX] GET -> Status 200 OK (2148ms)
2026-07-24 13:11:09.70 | WARNING | PARSER   | [OLX] 0 items found in 111ms! (CSS selector 'a.css-z3gu2d' broken or empty query)
2026-07-24 13:11:09.71 | SUCCESS | API      | SEARCH COMPLETED -> Found 78 items across all sites in 2.28s
2026-07-24 13:12:21.90 | INFO    | API      | SEARCH REQUEST -> Category: 'phone', Query: 'IPhone 13'
2026-07-24 13:12:21.90 | INFO    | SYSTEM   | Launching concurent search across 7 'phone' sites for: 'IPhone 13'
2026-07-24 13:12:21.91 | INFO    | NETWORK  | [MasterClub] Fetching homepage for fresh session & security_hash...
2026-07-24 13:12:22.37 | INFO    | NETWORK  | [Smenime] GET -> Status 200 OK (453ms)
2026-07-24 13:12:22.38 | INFO    | PARSER   | [Smenime] Exracted 4 items in 13ms
2026-07-24 13:12:22.60 | INFO    | NETWORK  | [GagoGSM] GET -> Status 200 OK (686ms)
2026-07-24 13:12:22.78 | INFO    | PARSER   | [GagoGSM] Exracted 28 items in 177ms
2026-07-24 13:12:23.35 | INFO    | NETWORK  | [Cellphone BG] GET -> Status 200 OK (1434ms)
2026-07-24 13:12:23.64 | INFO    | PARSER   | [Cellphone BG] Exracted 19 items in 290ms
2026-07-24 13:12:23.74 | INFO    | PARSER   | [MasterClub] Exracted 20 items in 224ms
2026-07-24 13:12:23.74 | INFO    | NETWORK  | [Alpha Mobile] GET -> Status 200 OK (1830ms)
2026-07-24 13:12:23.79 | INFO    | NETWORK  | [Siaifon] GET -> Status 200 OK (1875ms)
2026-07-24 13:12:23.95 | INFO    | PARSER   | [Alpha Mobile] Exracted 50 items in 207ms
2026-07-24 13:12:24.33 | INFO    | PARSER   | [Siaifon] Exracted 60 items in 528ms
2026-07-24 13:12:24.80 | INFO    | NETWORK  | [PhoneZona] GET -> Status 200 OK (2886ms)
2026-07-24 13:12:25.45 | INFO    | PARSER   | [PhoneZona] Exracted 15 items in 650ms
2026-07-24 13:12:25.45 | SUCCESS | API      | SEARCH COMPLETED -> Found 196 items across all sites in 3.55s
2026-07-25 14:36:35.71 | SUCCESS | SYSTEM   | AKS Price Checker server booted up and ready for requests!
2026-07-29 12:24:28.26 | INFO    | API      | SEARCH REQUEST -> Category: 'pc', Query: 'ThinkPad'
2026-07-29 12:24:28.26 | INFO    | SYSTEM   | Launching concurent search across 3 'pc' sites for: 'ThinkPad'
2026-07-29 12:24:29.68 | INFO    | NETWORK  | [Bazar] GET -> Status 200 OK (1346ms)
2026-07-29 12:24:29.77 | INFO    | PARSER   | [Bazar] Exracted 68 items in 84ms
2026-07-29 12:24:29.90 | INFO    | NETWORK  | [LaptopRemont] GET -> Status 200 OK (1564ms)
2026-07-29 12:24:29.96 | INFO    | PARSER   | [LaptopRemont] Exracted 10 items in 56ms
2026-07-29 12:24:31.92 | INFO    | NETWORK  | [OLX] GET -> Status 200 OK (3586ms)
2026-07-29 12:24:32.03 | WARNING | PARSER   | [OLX] 0 items found in 103ms! (CSS selector 'a.css-z3gu2d' broken or empty query)
2026-07-29 12:24:32.03 | SUCCESS | API      | SEARCH COMPLETED -> Found 78 items across all sites in 3.77s
2026-07-29 12:35:32.67 | INFO    | API      | SEARCH REQUEST -> Category: 'phone', Query: 'ThinkPad'
2026-07-29 12:35:32.67 | INFO    | SYSTEM   | Launching concurent search across 7 'phone' sites for: 'ThinkPad'
2026-07-29 12:35:32.68 | INFO    | NETWORK  | [MasterClub] Fetching homepage for fresh session & security_hash...
2026-07-29 12:35:33.24 | INFO    | NETWORK  | [Cellphone BG] GET -> Status 200 OK (556ms)
2026-07-29 12:35:33.26 | WARNING | PARSER   | [Cellphone BG] 0 items found in 25ms! (CSS selector '.product-thumb h4 a, .caption a, .name a, h4 a, .product-title a, a.prod-info' broken or empty query)
2026-07-29 12:35:33.28 | INFO    | NETWORK  | [Smenime] GET -> Status 200 OK (596ms)
2026-07-29 12:35:33.29 | WARNING | PARSER   | [Smenime] 0 items found in 12ms! (CSS selector 'a[title]' broken or empty query)
2026-07-29 12:35:33.69 | INFO    | NETWORK  | [Alpha Mobile] GET -> Status 200 OK (1012ms)
2026-07-29 12:35:33.75 | WARNING | PARSER   | [Alpha Mobile] 0 items found in 52ms! (CSS selector '.product-thumb h4 a, .caption a, .name a, h4 a, .product-title a, a.prod-info' broken or empty query)
2026-07-29 12:35:33.78 | INFO    | NETWORK  | [GagoGSM] GET -> Status 200 OK (1100ms)
2026-07-29 12:35:33.92 | INFO    | NETWORK  | [Siaifon] GET -> Status 200 OK (1234ms)
2026-07-29 12:35:34.01 | WARNING | PARSER   | [GagoGSM] 0 items found in 228ms! (CSS selector '.product-thumb h4 a, .caption a, .name a, h4 a, .product-title a, a.prod-info' broken or empty query)
2026-07-29 12:35:34.27 | INFO    | PARSER   | [MasterClub] Exracted 2 items in 115ms
2026-07-29 12:35:34.38 | WARNING | PARSER   | [Siaifon] 0 items found in 458ms! (CSS selector 'a.c-product-grid__product-title-link' broken or empty query)
2026-07-29 12:35:37.78 | INFO    | NETWORK  | [PhoneZona] GET -> Status 200 OK (5091ms)
2026-07-29 12:35:38.46 | WARNING | PARSER   | [PhoneZona] 0 items found in 685ms! (CSS selector '.product-thumb h4 a, .caption a, .name a, h4 a, .product-title a, a.prod-info' broken or empty query)
2026-07-29 12:35:38.46 | SUCCESS | API      | SEARCH COMPLETED -> Found 2 items across all sites in 5.79s
2026-07-29 12:35:51.66 | INFO    | API      | SEARCH REQUEST -> Category: 'phone', Query: 'IPhone 13'
2026-07-29 12:35:51.66 | INFO    | SYSTEM   | Launching concurent search across 7 'phone' sites for: 'IPhone 13'
2026-07-29 12:35:51.67 | INFO    | NETWORK  | [MasterClub] Fetching homepage for fresh session & security_hash...
2026-07-29 12:35:52.18 | INFO    | NETWORK  | [Smenime] GET -> Status 200 OK (503ms)
2026-07-29 12:35:52.20 | INFO    | PARSER   | [Smenime] Exracted 4 items in 19ms
2026-07-29 12:35:52.38 | INFO    | NETWORK  | [GagoGSM] GET -> Status 200 OK (710ms)
2026-07-29 12:35:52.55 | INFO    | PARSER   | [GagoGSM] Exracted 28 items in 168ms
2026-07-29 12:35:53.08 | INFO    | NETWORK  | [Cellphone BG] GET -> Status 200 OK (1405ms)
2026-07-29 12:35:53.24 | INFO    | PARSER   | [MasterClub] Exracted 20 items in 244ms
2026-07-29 12:35:53.38 | INFO    | PARSER   | [Cellphone BG] Exracted 19 items in 308ms
2026-07-29 12:35:53.39 | INFO    | NETWORK  | [Siaifon] GET -> Status 200 OK (1710ms)
2026-07-29 12:35:53.44 | INFO    | NETWORK  | [Alpha Mobile] GET -> Status 200 OK (1771ms)
2026-07-29 12:35:53.68 | INFO    | PARSER   | [Alpha Mobile] Exracted 50 items in 230ms
2026-07-29 12:35:53.95 | INFO    | PARSER   | [Siaifon] Exracted 60 items in 558ms
2026-07-29 12:35:54.61 | INFO    | NETWORK  | [PhoneZona] GET -> Status 200 OK (2932ms)
2026-07-29 12:35:55.25 | INFO    | PARSER   | [PhoneZona] Exracted 15 items in 645ms
2026-07-29 12:35:55.25 | SUCCESS | API      | SEARCH COMPLETED -> Found 196 items across all sites in 3.59s
2026-07-29 12:36:28.22 | INFO    | API      | SEARCH REQUEST -> Category: 'pc', Query: 'ThinkPad'
2026-07-29 12:36:28.22 | INFO    | SYSTEM   | Launching concurent search across 3 'pc' sites for: 'ThinkPad'
2026-07-29 12:36:28.69 | INFO    | NETWORK  | [Bazar] GET -> Status 200 OK (451ms)
2026-07-29 12:36:28.77 | INFO    | PARSER   | [Bazar] Exracted 68 items in 82ms
2026-07-29 12:36:29.01 | INFO    | NETWORK  | [LaptopRemont] GET -> Status 200 OK (781ms)
2026-07-29 12:36:29.08 | INFO    | PARSER   | [LaptopRemont] Exracted 10 items in 62ms
2026-07-29 12:36:31.62 | INFO    | NETWORK  | [OLX] GET -> Status 200 OK (3390ms)
2026-07-29 12:36:31.73 | WARNING | PARSER   | [OLX] 0 items found in 98ms! (CSS selector 'a.css-z3gu2d' broken or empty query)
2026-07-29 12:36:31.73 | SUCCESS | API      | SEARCH COMPLETED -> Found 78 items across all sites in 3.5s
2026-07-29 12:38:37.06 | SUCCESS | SYSTEM   | AKS Price Checker server booted up and ready for requests!
2026-07-29 12:38:37.71 | SUCCESS | SYSTEM   | AKS Price Checker server booted up and ready for requests!
2026-07-29 13:15:03.08 | SUCCESS | SYSTEM   | AKS Price Checker server booted up and ready for requests!
2026-07-29 13:18:29.12 | SUCCESS | SYSTEM   | AKS Price Checker server booted up and ready for requests!
2026-07-29 13:18:29.97 | SUCCESS | SYSTEM   | AKS Price Checker server booted up and ready for requests!
2026-07-29 13:18:34.81 | SUCCESS | SYSTEM   | AKS Price Checker server booted up and ready for requests!
2026-07-29 13:18:36.06 | SUCCESS | SYSTEM   | AKS Price Checker server booted up and ready for requests!
2026-07-29 13:18:36.72 | SUCCESS | SYSTEM   | AKS Price Checker server booted up and ready for requests!
2026-07-29 13:18:38.29 | SUCCESS | SYSTEM   | AKS Price Checker server booted up and ready for requests!
2026-07-29 13:19:00.05 | INFO    | API      | SEARCH REQUEST -> Category: 'phone', Query: 'IPhone 13'
2026-07-29 13:19:00.05 | INFO    | SYSTEM   | Launching concurent search across 7 'phone' sites for: 'IPhone 13'
2026-07-29 13:19:00.11 | INFO    | NETWORK  | [MasterClub] Fetching homepage for fresh session & security_hash...
2026-07-29 13:19:00.73 | INFO    | NETWORK  | [Smenime] GET -> Status 200 OK (623ms)
2026-07-29 13:19:00.76 | INFO    | PARSER   | [Smenime] Exracted 4 items in 30ms
2026-07-29 13:19:01.20 | INFO    | NETWORK  | [GagoGSM] GET -> Status 200 OK (1096ms)
2026-07-29 13:19:01.37 | INFO    | PARSER   | [GagoGSM] Exracted 28 items in 163ms
2026-07-29 13:19:01.44 | INFO    | NETWORK  | [Siaifon] GET -> Status 200 OK (1330ms)
2026-07-29 13:19:02.17 | INFO    | PARSER   | [MasterClub] Exracted 20 items in 406ms
2026-07-29 13:19:02.18 | INFO    | PARSER   | [Siaifon] Exracted 60 items in 741ms
2026-07-29 13:19:02.18 | INFO    | NETWORK  | [Cellphone BG] GET -> Status 200 OK (2078ms)
2026-07-29 13:19:02.53 | INFO    | PARSER   | [Cellphone BG] Exracted 19 items in 351ms
2026-07-29 13:19:02.60 | INFO    | NETWORK  | [Alpha Mobile] GET -> Status 200 OK (2498ms)
2026-07-29 13:19:02.78 | INFO    | PARSER   | [Alpha Mobile] Exracted 50 items in 171ms
2026-07-29 13:19:03.42 | INFO    | NETWORK  | [PhoneZona] GET -> Status 200 OK (3313ms)
2026-07-29 13:19:04.15 | INFO    | PARSER   | [PhoneZona] Exracted 15 items in 732ms
2026-07-29 13:19:04.15 | SUCCESS | API      | SEARCH COMPLETED -> Found 196 items across all sites in 4.11s
2026-07-29 13:19:05.52 | INFO    | API      | SEARCH REQUEST -> Category: 'pc', Query: 'IPhone 13'
2026-07-29 13:19:05.52 | INFO    | SYSTEM   | Launching concurent search across 3 'pc' sites for: 'IPhone 13'
2026-07-29 13:19:06.33 | INFO    | NETWORK  | [Bazar] GET -> Status 200 OK (800ms)
2026-07-29 13:19:06.35 | INFO    | NETWORK  | [LaptopRemont] GET -> Status 200 OK (817ms)
2026-07-29 13:19:06.46 | WARNING | PARSER   | [LaptopRemont] 0 items found in 93ms! (CSS selector 'a[href^='https://www.laptopremont.com/']' broken or empty query)
2026-07-29 13:19:06.46 | INFO    | PARSER   | [Bazar] Exracted 63 items in 132ms
2026-07-29 13:19:07.61 | ERROR   | PARSER   | [OLX] Fetch/Parse failed: Custom fetcher returned empty/None
2026-07-29 13:19:07.61 | SUCCESS | API      | SEARCH COMPLETED -> Found 63 items across all sites in 2.08s
2026-07-29 13:20:27.71 | SUCCESS | SYSTEM   | AKS Price Checker server booted up and ready for requests!
2026-07-29 13:20:28.32 | SUCCESS | SYSTEM   | AKS Price Checker server booted up and ready for requests!
2026-07-29 13:20:29.16 | SUCCESS | SYSTEM   | AKS Price Checker server booted up and ready for requests!
2026-07-29 13:20:29.86 | SUCCESS | SYSTEM   | AKS Price Checker server booted up and ready for requests!
2026-07-29 13:20:42.56 | INFO    | API      | SEARCH REQUEST -> Category: 'pc', Query: 'IPhone 13'
2026-07-29 13:20:42.56 | INFO    | SYSTEM   | Launching concurent search across 3 'pc' sites for: 'IPhone 13'
2026-07-29 13:20:43.24 | INFO    | NETWORK  | [Bazar] GET -> Status 200 OK (648ms)
2026-07-29 13:20:43.34 | INFO    | PARSER   | [Bazar] Exracted 63 items in 99ms
2026-07-29 13:20:43.45 | INFO    | NETWORK  | [LaptopRemont] GET -> Status 200 OK (859ms)
2026-07-29 13:20:43.49 | WARNING | PARSER   | [LaptopRemont] 0 items found in 36ms! (CSS selector 'a[href^='https://www.laptopremont.com/']' broken or empty query)
2026-07-29 13:20:44.70 | ERROR   | PARSER   | [OLX] Fetch/Parse failed: Custom fetcher returned empty/None
2026-07-29 13:20:44.70 | SUCCESS | API      | SEARCH COMPLETED -> Found 63 items across all sites in 2.14s
2026-07-29 13:23:29.18 | SUCCESS | SYSTEM   | AKS Price Checker server booted up and ready for requests!
2026-07-29 13:26:02.65 | INFO    | API      | SEARCH REQUEST -> Category: 'pc', Query: 'IPhone 13'
2026-07-29 13:26:02.65 | INFO    | SYSTEM   | Launching concurent search across 3 'pc' sites for: 'IPhone 13'
2026-07-29 13:26:03.36 | INFO    | NETWORK  | [Bazar] GET -> Status 200 OK (665ms)
2026-07-29 13:26:03.47 | INFO    | PARSER   | [Bazar] Exracted 63 items in 114ms
2026-07-29 13:26:03.65 | INFO    | NETWORK  | [LaptopRemont] GET -> Status 200 OK (964ms)
2026-07-29 13:26:03.69 | WARNING | PARSER   | [LaptopRemont] 0 items found in 37ms! (CSS selector 'a[href^='https://www.laptopremont.com/']' broken or empty query)
2026-07-29 13:26:05.71 | ERROR   | PARSER   | [OLX] Fetch/Parse failed: Custom fetcher returned empty/None
2026-07-29 13:26:05.71 | SUCCESS | API      | SEARCH COMPLETED -> Found 63 items across all sites in 3.06s
2026-07-29 13:27:29.66 | SUCCESS | SYSTEM   | AKS Price Checker server booted up and ready for requests!
2026-07-29 13:45:22.06 | SUCCESS | SYSTEM   | AKS Price Checker server booted up and ready for requests!
2026-07-29 13:45:59.74 | INFO    | API      | SEARCH REQUEST -> Category: 'pc', Query: 'IPhone 13'
2026-07-29 13:45:59.74 | INFO    | SYSTEM   | Launching concurent search across 3 'pc' sites for: 'IPhone 13'
2026-07-29 13:46:00.38 | INFO    | NETWORK  | [Bazar] GET -> Status 200 OK (588ms)
2026-07-29 13:46:00.46 | INFO    | PARSER   | [Bazar] Exracted 63 items in 84ms
2026-07-29 13:46:00.55 | INFO    | NETWORK  | [LaptopRemont] GET -> Status 200 OK (765ms)
2026-07-29 13:46:00.58 | WARNING | PARSER   | [LaptopRemont] 0 items found in 32ms! (CSS selector 'a[href^='https://www.laptopremont.com/']' broken or empty query)
2026-07-29 13:46:01.73 | ERROR   | PARSER   | [OLX] Fetch/Parse failed: Custom fetcher returned empty/None
2026-07-29 13:46:01.73 | SUCCESS | API      | SEARCH COMPLETED -> Found 63 items across all sites in 2.0s
2026-07-29 13:54:07.28 | SUCCESS | SYSTEM   | AKS Price Checker server booted up and ready for requests!
2026-07-29 13:54:07.98 | SUCCESS | SYSTEM   | AKS Price Checker server booted up and ready for requests!
2026-07-29 13:54:27.28 | INFO    | API      | SEARCH REQUEST -> Category: 'pc', Query: 'ThinkPad'
2026-07-29 13:54:27.29 | INFO    | SYSTEM   | Launching concurent search across 3 'pc' sites for: 'ThinkPad'
2026-07-29 13:54:27.92 | INFO    | NETWORK  | [Bazar] GET -> Status 200 OK (597ms)
2026-07-29 13:54:28.00 | INFO    | PARSER   | [Bazar] Exracted 68 items in 81ms
2026-07-29 13:54:28.23 | INFO    | NETWORK  | [LaptopRemont] GET -> Status 200 OK (906ms)
2026-07-29 13:54:28.28 | INFO    | PARSER   | [LaptopRemont] Exracted 10 items in 53ms
2026-07-29 13:54:29.45 | WARNING | PARSER   | [OLX] 0 items found in 96ms! (CSS selector 'div[data-cy='l-card']' broken or empty query)
2026-07-29 13:54:29.45 | SUCCESS | API      | SEARCH COMPLETED -> Found 78 items across all sites in 2.17s
2026-07-29 14:00:08.95 | SUCCESS | SYSTEM   | AKS Price Checker server booted up and ready for requests!
2026-07-29 14:02:15.78 | SUCCESS | SYSTEM   | AKS Price Checker server booted up and ready for requests!
2026-07-29 14:02:16.85 | SUCCESS | SYSTEM   | AKS Price Checker server booted up and ready for requests!
2026-07-29 14:02:16.85 | INFO    | API      | SEARCH REQUEST -> Category: 'pc', Query: 'ThinkPad'
2026-07-29 14:02:16.85 | INFO    | SYSTEM   | Launching concurent search across 3 'pc' sites for: 'ThinkPad'
2026-07-29 14:02:17.63 | INFO    | NETWORK  | [Bazar] GET -> Status 200 OK (712ms)
2026-07-29 14:02:17.86 | INFO    | PARSER   | [Bazar] Exracted 68 items in 221ms
2026-07-29 14:02:18.03 | INFO    | NETWORK  | [LaptopRemont] GET -> Status 200 OK (1121ms)
2026-07-29 14:02:18.11 | INFO    | PARSER   | [LaptopRemont] Exracted 10 items in 74ms
2026-07-29 14:02:18.82 | WARNING | PARSER   | [OLX] 0 items found in 134ms! (CSS selector 'a[data-cy='listing-ad-title']' broken or empty query)
2026-07-29 14:02:18.82 | SUCCESS | API      | SEARCH COMPLETED -> Found 78 items across all sites in 1.97s
2026-07-29 14:02:22.82 | SUCCESS | API      | CACHE HIT -> Return instant results for 'ThinkPad' (pc)
2026-07-29 14:12:52.81 | SUCCESS | SYSTEM   | AKS Price Checker server booted up and ready for requests!
2026-07-29 14:12:53.54 | SUCCESS | SYSTEM   | AKS Price Checker server booted up and ready for requests!
2026-07-29 14:12:54.45 | SUCCESS | SYSTEM   | AKS Price Checker server booted up and ready for requests!
2026-07-29 14:13:26.87 | SUCCESS | SYSTEM   | AKS Price Checker server booted up and ready for requests!
2026-07-29 14:13:37.65 | INFO    | API      | SEARCH REQUEST -> Category: 'pc', Query: 'THinkpad'
2026-07-29 14:13:37.65 | INFO    | SYSTEM   | Launching concurent search across 3 'pc' sites for: 'THinkpad'
2026-07-29 14:13:38.34 | INFO    | NETWORK  | [Bazar] GET -> Status 200 OK (638ms)
2026-07-29 14:13:38.43 | INFO    | PARSER   | [Bazar] Exracted 68 items in 87ms
2026-07-29 14:13:38.43 | INFO    | NETWORK  | [LaptopRemont] GET -> Status 200 OK (730ms)
2026-07-29 14:13:38.50 | INFO    | PARSER   | [LaptopRemont] Exracted 10 items in 68ms
2026-07-29 14:13:39.83 | WARNING | PARSER   | [OLX] 0 items found in 94ms! (CSS selector 'a[data-cy='listing-ad-title']' broken or empty query)
2026-07-29 14:13:39.83 | SUCCESS | API      | SEARCH COMPLETED -> Found 78 items across all sites in 2.17s
2026-07-29 14:14:11.23 | SUCCESS | SYSTEM   | AKS Price Checker server booted up and ready for requests!
2026-07-29 14:14:56.83 | SUCCESS | SYSTEM   | AKS Price Checker server booted up and ready for requests!
2026-07-29 14:14:57.76 | SUCCESS | SYSTEM   | AKS Price Checker server booted up and ready for requests!
2026-07-29 14:15:24.35 | SUCCESS | SYSTEM   | AKS Price Checker server booted up and ready for requests!
2026-07-29 14:15:29.34 | INFO    | API      | SEARCH REQUEST -> Category: 'phone', Query: 'THinkpad'
2026-07-29 14:15:29.35 | INFO    | SYSTEM   | Launching concurent search across 7 'phone' sites for: 'THinkpad'
2026-07-29 14:15:29.39 | INFO    | NETWORK  | [MasterClub] Fetching homepage for fresh session & security_hash...
2026-07-29 14:15:29.91 | INFO    | NETWORK  | [Cellphone BG] GET -> Status 200 OK (515ms)
2026-07-29 14:15:29.93 | WARNING | PARSER   | [Cellphone BG] 0 items found in 26ms! (CSS selector '.product-thumb h4 a, .caption a, .name a, h4 a, .product-title a, a.prod-info' broken or empty query)
2026-07-29 14:15:29.96 | INFO    | NETWORK  | [Smenime] GET -> Status 200 OK (568ms)
2026-07-29 14:15:29.97 | WARNING | PARSER   | [Smenime] 0 items found in 13ms! (CSS selector 'a[title]' broken or empty query)
2026-07-29 14:15:30.44 | INFO    | NETWORK  | [Alpha Mobile] GET -> Status 200 OK (1043ms)
2026-07-29 14:15:30.51 | WARNING | PARSER   | [Alpha Mobile] 0 items found in 69ms! (CSS selector '.product-thumb h4 a, .caption a, .name a, h4 a, .product-title a, a.prod-info' broken or empty query)
2026-07-29 14:15:30.51 | INFO    | NETWORK  | [Siaifon] GET -> Status 200 OK (1115ms)
2026-07-29 14:15:30.93 | INFO    | NETWORK  | [GagoGSM] GET -> Status 200 OK (1538ms)
2026-07-29 14:15:31.01 | INFO    | PARSER   | [MasterClub] Exracted 2 items in 210ms
2026-07-29 14:15:31.33 | WARNING | PARSER   | [GagoGSM] 0 items found in 392ms! (CSS selector '.product-thumb h4 a, .caption a, .name a, h4 a, .product-title a, a.prod-info' broken or empty query)
2026-07-29 14:15:31.34 | WARNING | PARSER   | [Siaifon] 0 items found in 827ms! (CSS selector 'a.c-product-grid__product-title-link' broken or empty query)
2026-07-29 14:15:31.50 | INFO    | NETWORK  | [PhoneZona] GET -> Status 200 OK (2102ms)
2026-07-29 14:15:32.30 | WARNING | PARSER   | [PhoneZona] 0 items found in 804ms! (CSS selector '.product-thumb h4 a, .caption a, .name a, h4 a, .product-title a, a.prod-info' broken or empty query)
2026-07-29 14:15:32.30 | SUCCESS | API      | SEARCH COMPLETED -> Found 2 items across all sites in 2.96s
2026-07-29 14:15:35.84 | INFO    | API      | SEARCH REQUEST -> Category: 'pc', Query: 'THinkpad'
2026-07-29 14:15:35.84 | INFO    | SYSTEM   | Launching concurent search across 3 'pc' sites for: 'THinkpad'
2026-07-29 14:15:36.43 | INFO    | NETWORK  | [Bazar] GET -> Status 200 OK (578ms)
2026-07-29 14:15:36.50 | INFO    | PARSER   | [Bazar] Exracted 68 items in 65ms
2026-07-29 14:15:36.63 | INFO    | NETWORK  | [LaptopRemont] GET -> Status 200 OK (782ms)
2026-07-29 14:15:36.77 | INFO    | PARSER   | [LaptopRemont] Exracted 10 items in 137ms
2026-07-29 14:15:37.53 | WARNING | PARSER   | [OLX] 0 items found in 91ms! (CSS selector 'a[data-cy='listing-ad-title']' broken or empty query)
2026-07-29 14:15:37.53 | SUCCESS | API      | SEARCH COMPLETED -> Found 78 items across all sites in 1.69s
2026-07-29 14:18:18.85 | SUCCESS | SYSTEM   | AKS Price Checker server booted up and ready for requests!
2026-07-29 14:18:40.38 | SUCCESS | SYSTEM   | AKS Price Checker server booted up and ready for requests!
2026-07-29 14:18:42.56 | SUCCESS | SYSTEM   | AKS Price Checker server booted up and ready for requests!
2026-07-29 14:18:49.18 | INFO    | API      | SEARCH REQUEST -> Category: 'pc', Query: 'ThinkPad'
2026-07-29 14:18:49.18 | INFO    | SYSTEM   | Launching concurent search across 3 'pc' sites for: 'ThinkPad'
2026-07-29 14:18:49.86 | INFO    | NETWORK  | [Bazar] GET -> Status 200 OK (632ms)
2026-07-29 14:18:49.95 | INFO    | PARSER   | [Bazar] Exracted 68 items in 81ms
2026-07-29 14:18:49.96 | INFO    | NETWORK  | [LaptopRemont] GET -> Status 200 OK (733ms)
2026-07-29 14:18:50.03 | INFO    | PARSER   | [LaptopRemont] Exracted 10 items in 68ms
2026-07-29 14:18:51.13 | WARNING | PARSER   | [OLX] 0 items found in 99ms! (CSS selector '.css-61fb99' broken or empty query)
2026-07-29 14:18:51.14 | SUCCESS | API      | SEARCH COMPLETED -> Found 78 items across all sites in 1.95s
2026-07-29 14:52:08.96 | SUCCESS | SYSTEM   | AKS Price Checker server booted up and ready for requests!
2026-07-29 14:52:09.83 | SUCCESS | SYSTEM   | AKS Price Checker server booted up and ready for requests!
2026-07-29 14:52:12.74 | SUCCESS | SYSTEM   | AKS Price Checker server booted up and ready for requests!
2026-07-29 14:52:13.73 | SUCCESS | SYSTEM   | AKS Price Checker server booted up and ready for requests!
2026-07-29 14:52:20.39 | SUCCESS | SYSTEM   | AKS Price Checker server booted up and ready for requests!
2026-07-29 14:52:21.31 | SUCCESS | SYSTEM   | AKS Price Checker server booted up and ready for requests!
2026-07-29 14:52:31.59 | INFO    | API      | SEARCH REQUEST -> Category: 'pc', Query: 'ThinkPad'
2026-07-29 14:52:31.59 | INFO    | SYSTEM   | Launching concurent search across 3 'pc' sites for: 'ThinkPad'
2026-07-29 14:52:32.16 | INFO    | NETWORK  | [Bazar] GET -> Status 200 OK (524ms)
2026-07-29 14:52:32.24 | INFO    | PARSER   | [Bazar] Exracted 68 items in 83ms
2026-07-29 14:52:32.41 | INFO    | NETWORK  | [LaptopRemont] GET -> Status 200 OK (776ms)
2026-07-29 14:52:32.48 | INFO    | PARSER   | [LaptopRemont] Exracted 10 items in 68ms
2026-07-29 14:52:34.69 | WARNING | PARSER   | [OLX] 0 items found in 108ms! (CSS selector '.ad-card-title a' broken or empty query)
2026-07-29 14:52:34.69 | SUCCESS | API      | SEARCH COMPLETED -> Found 78 items across all sites in 3.1s
2026-07-29 14:54:54.98 | SUCCESS | SYSTEM   | AKS Price Checker server booted up and ready for requests!
2026-07-29 14:54:55.68 | SUCCESS | SYSTEM   | AKS Price Checker server booted up and ready for requests!
2026-07-31 08:23:07.14 | SUCCESS | SYSTEM   | AKS Price Checker server booted up and ready for requests!
2026-07-31 11:42:55.84 | SUCCESS | SYSTEM   | AKS Price Checker server booted up and ready for requests!
2026-07-31 14:29:22.15 | INFO    | API      | SEARCH REQUEST -> Category: 'phone', Query: 'iphone 13'
2026-07-31 14:29:22.15 | INFO    | SYSTEM   | Launching concurent search across 7 'phone' sites for: 'iphone 13'
2026-07-31 14:29:22.20 | INFO    | NETWORK  | [MasterClub] Fetching homepage for fresh session & security_hash...
2026-07-31 14:29:23.45 | INFO    | NETWORK  | [GagoGSM] GET -> Status 200 OK (1247ms)
2026-07-31 14:29:23.64 | INFO    | PARSER   | [GagoGSM] Exracted 28 items in 186ms
2026-07-31 14:29:23.93 | INFO    | NETWORK  | [Smenime] GET -> Status 200 OK (1731ms)
2026-07-31 14:29:23.95 | INFO    | PARSER   | [Smenime] Exracted 4 items in 14ms
2026-07-31 14:29:24.11 | INFO    | NETWORK  | [Cellphone BG] GET -> Status 200 OK (1917ms)
2026-07-31 14:29:24.33 | INFO    | PARSER   | [Cellphone BG] Exracted 19 items in 215ms
2026-07-31 14:29:24.33 | INFO    | NETWORK  | [Alpha Mobile] GET -> Status 200 OK (2133ms)
2026-07-31 14:29:24.46 | INFO    | PARSER   | [Alpha Mobile] Exracted 50 items in 125ms
2026-07-31 14:29:24.91 | INFO    | NETWORK  | [Siaifon] GET -> Status 200 OK (2709ms)
2026-07-31 14:29:25.41 | INFO    | PARSER   | [MasterClub] Exracted 20 items in 324ms
2026-07-31 14:29:25.53 | INFO    | PARSER   | [Siaifon] Exracted 60 items in 612ms
2026-07-31 14:29:26.49 | INFO    | NETWORK  | [PhoneZona] GET -> Status 200 OK (4293ms)
2026-07-31 14:29:27.22 | INFO    | PARSER   | [PhoneZona] Exracted 15 items in 729ms
2026-07-31 14:29:27.23 | SUCCESS | API      | SEARCH COMPLETED -> Found 196 items across all sites in 5.08s
2026-07-31 14:29:34.97 | INFO    | API      | SEARCH REQUEST -> Category: 'pc', Query: 'iphone 13'
2026-07-31 14:29:34.97 | INFO    | SYSTEM   | Launching concurent search across 3 'pc' sites for: 'iphone 13'
2026-07-31 14:29:35.74 | INFO    | NETWORK  | [LaptopRemont] GET -> Status 200 OK (763ms)
2026-07-31 14:29:35.78 | WARNING | PARSER   | [LaptopRemont] 0 items found in 32ms! (CSS selector 'a[href^='https://www.laptopremont.com/']' broken or empty query)
2026-07-31 14:29:36.09 | INFO    | NETWORK  | [Bazar] GET -> Status 200 OK (1108ms)
2026-07-31 14:29:36.16 | INFO    | PARSER   | [Bazar] Exracted 64 items in 69ms
2026-07-31 14:29:36.92 | WARNING | PARSER   | [OLX] 0 items found in 107ms! (CSS selector 'a[data-cy='listing-ad-title']' broken or empty query)
2026-07-31 14:29:36.93 | SUCCESS | API      | SEARCH COMPLETED -> Found 64 items across all sites in 1.96s
2026-07-31 14:29:44.95 | INFO    | API      | SEARCH REQUEST -> Category: 'pc', Query: 'Thinkpad'
2026-07-31 14:29:44.96 | INFO    | SYSTEM   | Launching concurent search across 3 'pc' sites for: 'Thinkpad'
2026-07-31 14:29:45.69 | INFO    | NETWORK  | [Bazar] GET -> Status 200 OK (717ms)
2026-07-31 14:29:45.75 | INFO    | PARSER   | [Bazar] Exracted 68 items in 64ms
2026-07-31 14:29:45.96 | INFO    | NETWORK  | [LaptopRemont] GET -> Status 200 OK (997ms)
2026-07-31 14:29:46.02 | INFO    | PARSER   | [LaptopRemont] Exracted 10 items in 57ms
2026-07-31 14:29:47.70 | WARNING | PARSER   | [OLX] 0 items found in 103ms! (CSS selector 'a[data-cy='listing-ad-title']' broken or empty query)
2026-07-31 14:29:47.70 | SUCCESS | API      | SEARCH COMPLETED -> Found 78 items across all sites in 2.74s
2026-07-31 14:51:41.08 | SUCCESS | SYSTEM   | AKS Price Checker server booted up and ready for requests!
2026-07-31 14:51:42.41 | SUCCESS | SYSTEM   | AKS Price Checker server booted up and ready for requests!
2026-07-31 14:51:45.06 | SUCCESS | SYSTEM   | AKS Price Checker server booted up and ready for requests!
2026-07-31 14:52:00.96 | INFO    | API      | SEARCH REQUEST -> Category: 'pc', Query: 'Thinkpad'
2026-07-31 14:52:00.96 | INFO    | SYSTEM   | Launching concurent search across 3 'pc' sites for: 'Thinkpad'
2026-07-31 14:52:01.41 | INFO    | NETWORK  | [Bazar] GET -> Status 200 OK (399ms)
2026-07-31 14:52:01.50 | INFO    | PARSER   | [Bazar] Exracted 68 items in 87ms
2026-07-31 14:52:02.02 | INFO    | NETWORK  | [LaptopRemont] GET -> Status 200 OK (1020ms)
2026-07-31 14:52:02.11 | INFO    | PARSER   | [LaptopRemont] Exracted 10 items in 89ms
2026-07-31 14:52:03.00 | INFO    | PARSER   | [OLX] Exracted 51 items in 123ms
2026-07-31 14:52:03.00 | SUCCESS | API      | SEARCH COMPLETED -> Found 129 items across all sites in 2.04s
2026-07-31 16:42:30.34 | SUCCESS | SYSTEM   | AKS Price Checker server booted up and ready for requests!
2026-08-01 11:36:06.33 | INFO    | API      | SEARCH REQUEST -> Category: 'phone', Query: 'iphone 13'
2026-08-01 11:36:06.33 | INFO    | SYSTEM   | Launching concurent search across 7 'phone' sites for: 'iphone 13'
2026-08-01 11:36:06.39 | INFO    | NETWORK  | [MasterClub] Fetching homepage for fresh session & security_hash...
2026-08-01 11:36:06.97 | INFO    | NETWORK  | [Smenime] GET -> Status 200 OK (577ms)
2026-08-01 11:36:07.00 | INFO    | PARSER   | [Smenime] Exracted 4 items in 31ms
2026-08-01 11:36:07.49 | INFO    | NETWORK  | [GagoGSM] GET -> Status 200 OK (1101ms)
2026-08-01 11:36:07.66 | INFO    | PARSER   | [GagoGSM] Exracted 28 items in 165ms
2026-08-01 11:36:07.95 | INFO    | NETWORK  | [Cellphone BG] GET -> Status 200 OK (1562ms)
2026-08-01 11:36:07.95 | INFO    | PARSER   | [MasterClub] Exracted 20 items in 176ms
2026-08-01 11:36:08.05 | INFO    | NETWORK  | [Siaifon] GET -> Status 200 OK (1656ms)
2026-08-01 11:36:08.17 | INFO    | NETWORK  | [Alpha Mobile] GET -> Status 200 OK (1780ms)
2026-08-01 11:36:08.37 | INFO    | PARSER   | [Cellphone BG] Exracted 19 items in 415ms
2026-08-01 11:36:08.58 | INFO    | PARSER   | [Alpha Mobile] Exracted 50 items in 405ms
2026-08-01 11:36:08.82 | INFO    | PARSER   | [Siaifon] Exracted 60 items in 762ms
2026-08-01 11:36:09.58 | INFO    | NETWORK  | [PhoneZona] GET -> Status 200 OK (3195ms)
2026-08-01 11:36:10.35 | INFO    | PARSER   | [PhoneZona] Exracted 15 items in 761ms
2026-08-01 11:36:10.35 | SUCCESS | API      | SEARCH COMPLETED -> Found 196 items across all sites in 4.01s
2026-08-01 11:36:58.11 | SUCCESS | API      | CACHE HIT -> Return instant results for 'Iphone 13' (phone)
2026-08-01 11:39:45.56 | SUCCESS | API      | CACHE HIT -> Return instant results for 'IPhone 13' (phone)
2026-08-01 11:40:41.64 | SUCCESS | API      | CACHE HIT -> Return instant results for 'IPhone 13' (phone)
2026-08-01 11:40:48.75 | SUCCESS | SYSTEM   | AKS Price Checker server booted up and ready for requests!
2026-08-01 11:40:55.37 | INFO    | API      | SEARCH REQUEST -> Category: 'phone', Query: 'IPhone 13'
2026-08-01 11:40:55.37 | INFO    | SYSTEM   | Launching concurent search across 7 'phone' sites for: 'IPhone 13'
2026-08-01 11:40:55.42 | INFO    | NETWORK  | [MasterClub] Fetching homepage for fresh session & security_hash...
2026-08-01 11:40:55.89 | INFO    | NETWORK  | [Smenime] GET -> Status 200 OK (466ms)
2026-08-01 11:40:55.93 | INFO    | PARSER   | [Smenime] Exracted 4 items in 41ms
2026-08-01 11:40:56.43 | INFO    | NETWORK  | [Cellphone BG] GET -> Status 200 OK (1006ms)
2026-08-01 11:40:56.70 | INFO    | NETWORK  | [GagoGSM] GET -> Status 200 OK (1279ms)
2026-08-01 11:40:56.73 | INFO    | PARSER   | [Cellphone BG] Exracted 19 items in 299ms
2026-08-01 11:40:57.13 | INFO    | PARSER   | [MasterClub] Exracted 20 items in 398ms
2026-08-01 11:40:57.14 | INFO    | PARSER   | [GagoGSM] Exracted 28 items in 434ms
2026-08-01 11:40:57.15 | INFO    | NETWORK  | [Alpha Mobile] GET -> Status 200 OK (1726ms)
2026-08-01 11:40:57.21 | INFO    | NETWORK  | [Siaifon] GET -> Status 200 OK (1788ms)
2026-08-01 11:40:57.47 | INFO    | PARSER   | [Alpha Mobile] Exracted 50 items in 325ms
2026-08-01 11:40:57.93 | INFO    | PARSER   | [Siaifon] Exracted 60 items in 701ms
2026-08-01 11:40:59.44 | INFO    | NETWORK  | [PhoneZona] GET -> Status 200 OK (4015ms)
2026-08-01 11:41:00.33 | INFO    | PARSER   | [PhoneZona] Exracted 15 items in 886ms
2026-08-01 11:41:00.33 | SUCCESS | API      | SEARCH COMPLETED -> Found 196 items across all sites in 4.96s
2026-08-01 11:41:09.63 | INFO    | API      | SEARCH REQUEST -> Category: 'pc', Query: 'ThinkPad'
2026-08-01 11:41:09.63 | INFO    | SYSTEM   | Launching concurent search across 3 'pc' sites for: 'ThinkPad'
2026-08-01 11:41:10.17 | INFO    | NETWORK  | [Bazar] GET -> Status 200 OK (513ms)
2026-08-01 11:41:10.24 | INFO    | PARSER   | [Bazar] Exracted 68 items in 68ms
2026-08-01 11:41:10.65 | INFO    | NETWORK  | [LaptopRemont] GET -> Status 200 OK (998ms)
2026-08-01 11:41:10.73 | INFO    | PARSER   | [LaptopRemont] Exracted 10 items in 82ms
2026-08-01 11:41:12.37 | INFO    | PARSER   | [OLX] Exracted 51 items in 105ms
2026-08-01 11:41:12.37 | SUCCESS | API      | SEARCH COMPLETED -> Found 129 items across all sites in 2.74s
2026-08-01 11:41:24.44 | SUCCESS | SYSTEM   | AKS Price Checker server booted up and ready for requests!
2026-08-01 11:42:54.27 | INFO    | API      | SEARCH REQUEST -> Category: 'phone', Query: 'IPhone 13'
2026-08-01 11:42:54.28 | INFO    | SYSTEM   | Launching concurent search across 7 'phone' sites for: 'IPhone 13'
2026-08-01 11:42:54.32 | INFO    | NETWORK  | [MasterClub] Fetching homepage for fresh session & security_hash...
2026-08-01 11:42:54.74 | INFO    | NETWORK  | [Cellphone BG] GET -> Status 200 OK (419ms)
2026-08-01 11:42:54.84 | INFO    | NETWORK  | [Smenime] GET -> Status 200 OK (517ms)
2026-08-01 11:42:54.94 | INFO    | PARSER   | [Smenime] Exracted 4 items in 83ms
2026-08-01 11:42:55.20 | INFO    | PARSER   | [Cellphone BG] Exracted 19 items in 461ms
2026-08-01 11:42:55.28 | INFO    | NETWORK  | [GagoGSM] GET -> Status 200 OK (957ms)
2026-08-01 11:42:55.42 | INFO    | NETWORK  | [Siaifon] GET -> Status 200 OK (1089ms)
2026-08-01 11:42:55.73 | INFO    | PARSER   | [GagoGSM] Exracted 28 items in 449ms
2026-08-01 11:42:56.25 | INFO    | NETWORK  | [Alpha Mobile] GET -> Status 200 OK (1926ms)
2026-08-01 11:42:56.35 | INFO    | PARSER   | [MasterClub] Exracted 20 items in 413ms
2026-08-01 11:42:56.50 | INFO    | PARSER   | [Siaifon] Exracted 60 items in 1066ms
2026-08-01 11:42:56.57 | INFO    | PARSER   | [Alpha Mobile] Exracted 50 items in 312ms
2026-08-01 11:42:56.61 | INFO    | NETWORK  | [PhoneZona] GET -> Status 200 OK (2290ms)
2026-08-01 11:42:57.71 | INFO    | PARSER   | [PhoneZona] Exracted 15 items in 1089ms
2026-08-01 11:42:57.71 | SUCCESS | API      | SEARCH COMPLETED -> Found 196 items across all sites in 3.43s
2026-08-01 11:43:26.72 | SUCCESS | API      | CACHE HIT -> Return instant results for 'IPhone 13' (phone)
2026-08-01 11:43:32.70 | SUCCESS | SYSTEM   | AKS Price Checker server booted up and ready for requests!
2026-08-01 11:43:38.58 | INFO    | API      | SEARCH REQUEST -> Category: 'phone', Query: 'IPhone 13'
2026-08-01 11:43:38.58 | INFO    | SYSTEM   | Launching concurent search across 7 'phone' sites for: 'IPhone 13'
2026-08-01 11:43:38.64 | INFO    | NETWORK  | [MasterClub] Fetching homepage for fresh session & security_hash...
2026-08-01 11:43:39.04 | INFO    | NETWORK  | [Smenime] GET -> Status 200 OK (410ms)
2026-08-01 11:43:39.09 | INFO    | PARSER   | [Smenime] Exracted 4 items in 46ms
2026-08-01 11:43:39.10 | INFO    | NETWORK  | [Cellphone BG] GET -> Status 200 OK (463ms)
2026-08-01 11:43:39.42 | INFO    | PARSER   | [Cellphone BG] Exracted 19 items in 325ms
2026-08-01 11:43:39.44 | INFO    | NETWORK  | [GagoGSM] GET -> Status 200 OK (805ms)
2026-08-01 11:43:39.56 | INFO    | NETWORK  | [Siaifon] GET -> Status 200 OK (923ms)
2026-08-01 11:43:39.73 | INFO    | PARSER   | [GagoGSM] Exracted 28 items in 281ms
2026-08-01 11:43:40.14 | INFO    | PARSER   | [Siaifon] Exracted 60 items in 573ms
2026-08-01 11:43:40.28 | INFO    | NETWORK  | [Alpha Mobile] GET -> Status 200 OK (1646ms)
2026-08-01 11:43:40.33 | INFO    | PARSER   | [MasterClub] Exracted 20 items in 228ms
2026-08-01 11:43:40.44 | INFO    | PARSER   | [Alpha Mobile] Exracted 50 items in 161ms
2026-08-01 11:43:40.48 | INFO    | NETWORK  | [PhoneZona] GET -> Status 200 OK (1847ms)
2026-08-01 11:43:41.25 | INFO    | PARSER   | [PhoneZona] Exracted 15 items in 766ms
2026-08-01 11:43:41.25 | SUCCESS | API      | SEARCH COMPLETED -> Found 196 items across all sites in 2.67s
2026-08-01 13:45:54.67 | INFO    | API      | SEARCH REQUEST -> Category: 'phone', Query: 'IPhone 13'
2026-08-01 13:45:54.67 | INFO    | SYSTEM   | Launching concurent search across 7 'phone' sites for: 'IPhone 13'
2026-08-01 13:45:54.69 | INFO    | NETWORK  | [MasterClub] Fetching homepage for fresh session & security_hash...
2026-08-01 13:45:59.14 | INFO    | NETWORK  | [Smenime] GET -> Status 200 OK (4458ms)
2026-08-01 13:45:59.16 | INFO    | PARSER   | [Smenime] Exracted 4 items in 15ms
2026-08-01 13:45:59.65 | INFO    | PARSER   | [MasterClub] Exracted 20 items in 169ms
2026-08-01 13:46:00.00 | INFO    | NETWORK  | [GagoGSM] GET -> Status 200 OK (5312ms)
2026-08-01 13:46:00.20 | INFO    | NETWORK  | [Cellphone BG] GET -> Status 200 OK (5517ms)
2026-08-01 13:46:00.23 | INFO    | PARSER   | [GagoGSM] Exracted 28 items in 227ms
2026-08-01 13:46:00.33 | INFO    | NETWORK  | [Siaifon] GET -> Status 200 OK (5645ms)
2026-08-01 13:46:00.70 | INFO    | PARSER   | [Cellphone BG] Exracted 19 items in 472ms
2026-08-01 13:46:00.76 | INFO    | NETWORK  | [Alpha Mobile] GET -> Status 200 OK (6076ms)
2026-08-01 13:46:01.05 | INFO    | PARSER   | [Alpha Mobile] Exracted 50 items in 271ms
2026-08-01 13:46:01.15 | INFO    | PARSER   | [Siaifon] Exracted 60 items in 813ms
2026-08-01 13:46:01.99 | INFO    | NETWORK  | [PhoneZona] GET -> Status 200 OK (7301ms)
2026-08-01 13:46:02.76 | INFO    | PARSER   | [PhoneZona] Exracted 15 items in 767ms
2026-08-01 13:46:02.76 | SUCCESS | API      | SEARCH COMPLETED -> Found 196 items across all sites in 8.08s
2026-08-01 13:47:31.53 | SUCCESS | API      | CACHE HIT -> Return instant results for 'Iphone 13' (phone)
2026-08-01 13:47:34.90 | INFO    | API      | SEARCH REQUEST -> Category: 'pc', Query: 'Iphone 13'
2026-08-01 13:47:34.90 | INFO    | SYSTEM   | Launching concurent search across 3 'pc' sites for: 'Iphone 13'
2026-08-01 13:47:37.03 | INFO    | NETWORK  | [LaptopRemont] GET -> Status 200 OK (2123ms)
2026-08-01 13:47:37.04 | WARNING | PARSER   | [LaptopRemont] 0 items found in 1ms! (CSS selector 'a[href^='https://www.laptopremont.com/']' broken or empty query)
2026-08-01 13:47:37.06 | INFO    | NETWORK  | [Bazar] GET -> Status 200 OK (2149ms)
2026-08-01 13:47:37.14 | INFO    | PARSER   | [Bazar] Exracted 64 items in 75ms
2026-08-01 13:47:38.42 | INFO    | PARSER   | [OLX] Exracted 49 items in 107ms
2026-08-01 13:47:38.42 | SUCCESS | API      | SEARCH COMPLETED -> Found 113 items across all sites in 3.52s
2026-08-01 13:47:45.08 | SUCCESS | SYSTEM   | AKS Price Checker server booted up and ready for requests!
2026-08-01 13:47:49.41 | INFO    | API      | SEARCH REQUEST -> Category: 'phone', Query: 'iphone 13'
2026-08-01 13:47:49.41 | INFO    | SYSTEM   | Launching concurent search across 7 'phone' sites for: 'iphone 13'
2026-08-01 13:47:49.48 | INFO    | NETWORK  | [MasterClub] Fetching homepage for fresh session & security_hash...
2026-08-01 13:47:50.67 | INFO    | NETWORK  | [Cellphone BG] GET -> Status 200 OK (1195ms)
2026-08-01 13:47:50.90 | INFO    | PARSER   | [Cellphone BG] Exracted 19 items in 227ms
2026-08-01 13:47:51.01 | INFO    | NETWORK  | [Smenime] GET -> Status 200 OK (1532ms)
2026-08-01 13:47:51.04 | INFO    | PARSER   | [Smenime] Exracted 4 items in 30ms
2026-08-01 13:47:51.30 | INFO    | NETWORK  | [GagoGSM] GET -> Status 200 OK (1819ms)
2026-08-01 13:47:51.48 | INFO    | PARSER   | [GagoGSM] Exracted 28 items in 177ms
2026-08-01 13:47:51.97 | INFO    | NETWORK  | [Siaifon] GET -> Status 200 OK (2486ms)
2026-08-01 13:47:52.36 | INFO    | NETWORK  | [Alpha Mobile] GET -> Status 200 OK (2887ms)
2026-08-01 13:47:52.63 | INFO    | PARSER   | [Alpha Mobile] Exracted 50 items in 263ms
2026-08-01 13:47:52.66 | INFO    | PARSER   | [Siaifon] Exracted 60 items in 691ms
2026-08-01 13:47:52.66 | INFO    | NETWORK  | [PhoneZona] GET -> Status 200 OK (3187ms)
2026-08-01 13:47:53.39 | INFO    | PARSER   | [MasterClub] Exracted 20 items in 318ms
2026-08-01 13:47:53.61 | INFO    | PARSER   | [PhoneZona] Exracted 15 items in 941ms
2026-08-01 13:47:53.61 | SUCCESS | API      | SEARCH COMPLETED -> Found 196 items across all sites in 4.2s
2026-08-01 14:27:37.98 | INFO    | API      | SEARCH REQUEST -> Category: 'phone', Query: 'iphone 13'
2026-08-01 14:27:37.98 | INFO    | SYSTEM   | Launching concurent search across 7 'phone' sites for: 'iphone 13'
2026-08-01 14:27:37.99 | INFO    | NETWORK  | [MasterClub] Fetching homepage for fresh session & security_hash...
2026-08-01 14:27:38.90 | INFO    | NETWORK  | [GagoGSM] GET -> Status 200 OK (911ms)
2026-08-01 14:27:39.04 | INFO    | NETWORK  | [Smenime] GET -> Status 200 OK (1050ms)
2026-08-01 14:27:39.08 | INFO    | PARSER   | [Smenime] Exracted 4 items in 28ms
2026-08-01 14:27:39.08 | INFO    | PARSER   | [GagoGSM] Exracted 28 items in 175ms
2026-08-01 14:27:39.73 | INFO    | NETWORK  | [Cellphone BG] GET -> Status 200 OK (1740ms)
2026-08-01 14:27:39.94 | INFO    | PARSER   | [Cellphone BG] Exracted 19 items in 205ms
2026-08-01 14:27:40.12 | INFO    | NETWORK  | [Siaifon] GET -> Status 200 OK (2120ms)
2026-08-01 14:27:40.32 | INFO    | NETWORK  | [Alpha Mobile] GET -> Status 200 OK (2328ms)
2026-08-01 14:27:40.55 | INFO    | PARSER   | [Alpha Mobile] Exracted 50 items in 216ms
2026-08-01 14:27:40.67 | INFO    | PARSER   | [Siaifon] Exracted 60 items in 555ms
2026-08-01 14:27:41.47 | INFO    | NETWORK  | [PhoneZona] GET -> Status 200 OK (3473ms)
2026-08-01 14:27:42.20 | INFO    | PARSER   | [PhoneZona] Exracted 15 items in 731ms
2026-08-01 14:27:42.85 | INFO    | PARSER   | [MasterClub] Exracted 20 items in 146ms
2026-08-01 14:27:42.85 | SUCCESS | API      | SEARCH COMPLETED -> Found 196 items across all sites in 4.87s
2026-08-01 15:06:34.68 | INFO    | API      | SEARCH REQUEST -> Category: 'phone', Query: 'IPhone 13'
2026-08-01 15:06:34.68 | INFO    | SYSTEM   | Launching concurent search across 7 'phone' sites for: 'IPhone 13'
2026-08-01 15:06:34.69 | INFO    | NETWORK  | [MasterClub] Fetching homepage for fresh session & security_hash...
2026-08-01 15:06:36.39 | INFO    | NETWORK  | [Cellphone BG] GET -> Status 200 OK (1698ms)
2026-08-01 15:06:36.59 | INFO    | PARSER   | [Cellphone BG] Exracted 19 items in 198ms
2026-08-01 15:06:36.90 | INFO    | NETWORK  | [GagoGSM] GET -> Status 200 OK (2208ms)
2026-08-01 15:06:37.06 | INFO    | PARSER   | [GagoGSM] Exracted 28 items in 161ms
2026-08-01 15:06:38.55 | INFO    | NETWORK  | [Siaifon] GET -> Status 200 OK (3853ms)
2026-08-01 15:06:38.75 | INFO    | NETWORK  | [Smenime] GET -> Status 200 OK (4057ms)
2026-08-01 15:06:38.77 | INFO    | PARSER   | [Smenime] Exracted 4 items in 18ms
2026-08-01 15:06:39.11 | INFO    | PARSER   | [Siaifon] Exracted 60 items in 559ms
2026-08-01 15:06:39.86 | INFO    | PARSER   | [MasterClub] Exracted 20 items in 143ms
2026-08-01 15:06:42.25 | INFO    | NETWORK  | [PhoneZona] GET -> Status 200 OK (7554ms)
2026-08-01 15:06:42.88 | INFO    | PARSER   | [PhoneZona] Exracted 15 items in 632ms
2026-08-01 15:06:46.90 | WARNING | NETWORK  | [Alpha Mobile] Connection error (ReadTimeout) on attempt 1/3. Retrying...
2026-08-01 15:07:00.90 | WARNING | NETWORK  | [Alpha Mobile] Connection error (ReadTimeout) on attempt 2/3. Retrying...
2026-08-01 15:07:14.72 | WARNING | NETWORK  | [Alpha Mobile] Connection error (ReadTimeout) on attempt 3/3. Retrying...
2026-08-01 15:07:14.72 | ERROR   | NETWORK  | [Alpha Mobile] FAILED to fetch after 3 attempts!
2026-08-01 15:07:14.72 | ERROR   | PARSER   | [Alpha Mobile] Fetch/Parse failed: No response from fetch_with_retry
2026-08-01 15:07:14.72 | SUCCESS | API      | SEARCH COMPLETED -> Found 146 items across all sites in 40.04s
2026-08-01 15:10:49.24 | SUCCESS | API      | CACHE HIT -> Return instant results for 'IPhone 13' (phone)
2026-08-01 15:13:09.89 | SUCCESS | SYSTEM   | AKS Price Checker server booted up and ready for requests!
2026-08-01 15:14:02.07 | INFO    | API      | SEARCH REQUEST -> Category: 'phone', Query: 'IPhone 13'
2026-08-01 15:14:02.07 | INFO    | SYSTEM   | Launching concurent search across 7 'phone' sites for: 'IPhone 13'
2026-08-01 15:14:02.13 | INFO    | NETWORK  | [MasterClub] Fetching homepage for fresh session & security_hash...
2026-08-01 15:14:02.70 | INFO    | NETWORK  | [Cellphone BG] GET -> Status 200 OK (571ms)
2026-08-01 15:14:02.96 | INFO    | PARSER   | [Cellphone BG] Exracted 19 items in 265ms
2026-08-01 15:14:03.41 | INFO    | NETWORK  | [Smenime] GET -> Status 200 OK (1284ms)
2026-08-01 15:14:03.44 | INFO    | PARSER   | [Smenime] Exracted 4 items in 30ms
2026-08-01 15:14:03.86 | INFO    | NETWORK  | [Alpha Mobile] GET -> Status 200 OK (1730ms)
2026-08-01 15:14:03.99 | INFO    | PARSER   | [Alpha Mobile] Exracted 50 items in 138ms
2026-08-01 15:14:04.69 | INFO    | NETWORK  | [GagoGSM] GET -> Status 200 OK (2567ms)
2026-08-01 15:14:04.88 | INFO    | PARSER   | [GagoGSM] Exracted 28 items in 182ms
2026-08-01 15:14:05.06 | INFO    | PARSER   | [MasterClub] Exracted 20 items in 179ms
2026-08-01 15:14:05.25 | INFO    | NETWORK  | [Siaifon] GET -> Status 200 OK (3121ms)
2026-08-01 15:14:05.72 | INFO    | PARSER   | [Siaifon] Exracted 60 items in 466ms
2026-08-01 15:14:07.09 | INFO    | NETWORK  | [PhoneZona] GET -> Status 200 OK (4959ms)
2026-08-01 15:14:07.86 | INFO    | PARSER   | [PhoneZona] Exracted 15 items in 775ms
2026-08-01 15:14:07.86 | SUCCESS | API      | SEARCH COMPLETED -> Found 196 items across all sites in 5.79s
2026-08-01 15:16:56.69 | INFO    | API      | SEARCH REQUEST -> Category: 'pc', Query: 'ThinkPad'
2026-08-01 15:16:56.69 | INFO    | SYSTEM   | Launching concurent search across 3 'pc' sites for: 'ThinkPad'
2026-08-01 15:16:57.32 | INFO    | NETWORK  | [Bazar] GET -> Status 200 OK (619ms)
2026-08-01 15:16:57.40 | INFO    | PARSER   | [Bazar] Exracted 68 items in 83ms
2026-08-01 15:16:57.41 | INFO    | NETWORK  | [LaptopRemont] GET -> Status 200 OK (713ms)
2026-08-01 15:16:57.50 | INFO    | PARSER   | [LaptopRemont] Exracted 10 items in 88ms
2026-08-01 15:16:58.40 | INFO    | PARSER   | [OLX] Exracted 51 items in 128ms
2026-08-01 15:16:58.40 | SUCCESS | API      | SEARCH COMPLETED -> Found 129 items across all sites in 1.71s
2026-08-01 15:18:40.27 | INFO    | API      | SEARCH REQUEST -> Category: 'phone', Query: 'ThinkPad'
2026-08-01 15:18:40.27 | INFO    | SYSTEM   | Launching concurent search across 7 'phone' sites for: 'ThinkPad'
2026-08-01 15:18:40.29 | INFO    | NETWORK  | [MasterClub] Fetching homepage for fresh session & security_hash...
2026-08-01 15:18:40.69 | INFO    | NETWORK  | [Smenime] GET -> Status 200 OK (406ms)
2026-08-01 15:18:40.71 | WARNING | PARSER   | [Smenime] 0 items found in 12ms! (CSS selector 'a[title]' broken or empty query)
2026-08-01 15:18:40.71 | INFO    | NETWORK  | [Cellphone BG] GET -> Status 200 OK (424ms)
2026-08-01 15:18:40.74 | WARNING | PARSER   | [Cellphone BG] 0 items found in 34ms! (CSS selector '.product-thumb h4 a, .caption a, .name a, h4 a, .product-title a, a.prod-info' broken or empty query)
2026-08-01 15:18:41.00 | INFO    | NETWORK  | [GagoGSM] GET -> Status 200 OK (717ms)
2026-08-01 15:18:41.16 | WARNING | PARSER   | [GagoGSM] 0 items found in 159ms! (CSS selector '.product-thumb h4 a, .caption a, .name a, h4 a, .product-title a, a.prod-info' broken or empty query)
2026-08-01 15:18:41.34 | INFO    | NETWORK  | [Alpha Mobile] GET -> Status 200 OK (1055ms)
2026-08-01 15:18:41.42 | WARNING | PARSER   | [Alpha Mobile] 0 items found in 82ms! (CSS selector '.product-thumb h4 a, .caption a, .name a, h4 a, .product-title a, a.prod-info' broken or empty query)
2026-08-01 15:18:41.49 | INFO    | NETWORK  | [PhoneZona] GET -> Status 200 OK (1199ms)
2026-08-01 15:18:41.59 | INFO    | NETWORK  | [Siaifon] GET -> Status 200 OK (1296ms)
2026-08-01 15:18:42.49 | WARNING | PARSER   | [Siaifon] 0 items found in 884ms! (CSS selector 'a.c-product-grid__product-title-link' broken or empty query)
2026-08-01 15:18:42.81 | WARNING | PARSER   | [PhoneZona] 0 items found in 1321ms! (CSS selector '.product-thumb h4 a, .caption a, .name a, h4 a, .product-title a, a.prod-info' broken or empty query)
2026-08-01 15:18:42.84 | INFO    | PARSER   | [MasterClub] Exracted 2 items in 108ms
2026-08-01 15:18:42.84 | SUCCESS | API      | SEARCH COMPLETED -> Found 2 items across all sites in 2.57s
2026-08-01 15:18:43.90 | SUCCESS | API      | CACHE HIT -> Return instant results for 'IPhone 13' (phone)
2026-08-01 15:27:56.84 | INFO    | API      | SEARCH REQUEST -> Category: 'pc', Query: 'ThinkPad'
2026-08-01 15:27:56.84 | INFO    | SYSTEM   | Launching concurent search across 3 'pc' sites for: 'ThinkPad'
2026-08-01 15:27:57.27 | INFO    | NETWORK  | [Bazar] GET -> Status 200 OK (406ms)
2026-08-01 15:27:57.36 | INFO    | PARSER   | [Bazar] Exracted 68 items in 87ms
2026-08-01 15:27:57.57 | INFO    | NETWORK  | [LaptopRemont] GET -> Status 200 OK (712ms)
2026-08-01 15:27:57.64 | INFO    | PARSER   | [LaptopRemont] Exracted 10 items in 66ms
2026-08-01 15:27:58.47 | INFO    | PARSER   | [OLX] Exracted 51 items in 110ms
2026-08-01 15:27:58.47 | SUCCESS | API      | SEARCH COMPLETED -> Found 129 items across all sites in 1.62s
2026-08-01 15:36:12.52 | INFO    | API      | SEARCH REQUEST -> Category: 'phone', Query: 'IPhone 13'
2026-08-01 15:36:12.52 | INFO    | SYSTEM   | Launching concurent search across 7 'phone' sites for: 'IPhone 13'
2026-08-01 15:36:12.54 | INFO    | NETWORK  | [MasterClub] Fetching homepage for fresh session & security_hash...
2026-08-01 15:36:13.02 | INFO    | NETWORK  | [Smenime] GET -> Status 200 OK (486ms)
2026-08-01 15:36:13.04 | INFO    | PARSER   | [Smenime] Exracted 4 items in 14ms
2026-08-01 15:36:13.58 | INFO    | NETWORK  | [GagoGSM] GET -> Status 200 OK (1044ms)
2026-08-01 15:36:13.76 | INFO    | PARSER   | [GagoGSM] Exracted 28 items in 174ms
2026-08-01 15:36:14.01 | INFO    | NETWORK  | [Cellphone BG] GET -> Status 200 OK (1477ms)
2026-08-01 15:36:14.09 | INFO    | NETWORK  | [Alpha Mobile] GET -> Status 200 OK (1551ms)
2026-08-01 15:36:14.34 | INFO    | PARSER   | [Alpha Mobile] Exracted 50 items in 245ms
2026-08-01 15:36:14.40 | INFO    | PARSER   | [Cellphone BG] Exracted 19 items in 383ms
2026-08-01 15:36:14.53 | INFO    | NETWORK  | [Siaifon] GET -> Status 200 OK (1989ms)
2026-08-01 15:36:15.23 | INFO    | PARSER   | [Siaifon] Exracted 60 items in 692ms
2026-08-01 15:36:15.26 | INFO    | PARSER   | [MasterClub] Exracted 20 items in 283ms
2026-08-01 15:36:17.41 | INFO    | NETWORK  | [PhoneZona] GET -> Status 200 OK (4871ms)
2026-08-01 15:36:18.10 | INFO    | PARSER   | [PhoneZona] Exracted 15 items in 684ms
2026-08-01 15:36:18.10 | SUCCESS | API      | SEARCH COMPLETED -> Found 196 items across all sites in 5.58s
2026-08-01 15:36:41.09 | SUCCESS | API      | CACHE HIT -> Return instant results for 'IPhone 13' (phone)
2026-08-01 15:36:45.50 | SUCCESS | API      | CACHE HIT -> Return instant results for 'IPhone 13' (phone)
2026-08-01 15:37:13.13 | SUCCESS | API      | CACHE HIT -> Return instant results for 'ThinkPad' (pc)
2026-08-01 15:37:16.80 | SUCCESS | API      | CACHE HIT -> Return instant results for 'ThinkPad' (pc)
2026-08-01 15:40:42.99 | INFO    | API      | SEARCH REQUEST -> Category: 'phone', Query: 'ThinkPad'
2026-08-01 15:40:42.99 | INFO    | SYSTEM   | Launching concurent search across 7 'phone' sites for: 'ThinkPad'
2026-08-01 15:40:43.00 | INFO    | NETWORK  | [MasterClub] Fetching homepage for fresh session & security_hash...
2026-08-01 15:40:43.39 | INFO    | NETWORK  | [Smenime] GET -> Status 200 OK (392ms)
2026-08-01 15:40:43.40 | WARNING | PARSER   | [Smenime] 0 items found in 10ms! (CSS selector 'a[title]' broken or empty query)
2026-08-01 15:40:43.41 | INFO    | NETWORK  | [Cellphone BG] GET -> Status 200 OK (413ms)
2026-08-01 15:40:43.43 | WARNING | PARSER   | [Cellphone BG] 0 items found in 21ms! (CSS selector '.product-thumb h4 a, .caption a, .name a, h4 a, .product-title a, a.prod-info' broken or empty query)
2026-08-01 15:40:43.81 | INFO    | NETWORK  | [GagoGSM] GET -> Status 200 OK (804ms)
2026-08-01 15:40:43.94 | WARNING | PARSER   | [GagoGSM] 0 items found in 130ms! (CSS selector '.product-thumb h4 a, .caption a, .name a, h4 a, .product-title a, a.prod-info' broken or empty query)
2026-08-01 15:40:44.14 | INFO    | NETWORK  | [Alpha Mobile] GET -> Status 200 OK (1138ms)
2026-08-01 15:40:44.18 | WARNING | PARSER   | [Alpha Mobile] 0 items found in 43ms! (CSS selector '.product-thumb h4 a, .caption a, .name a, h4 a, .product-title a, a.prod-info' broken or empty query)
2026-08-01 15:40:44.19 | INFO    | NETWORK  | [PhoneZona] GET -> Status 200 OK (1185ms)
2026-08-01 15:40:44.86 | INFO    | NETWORK  | [Siaifon] GET -> Status 200 OK (1861ms)
2026-08-01 15:40:45.05 | WARNING | PARSER   | [PhoneZona] 0 items found in 859ms! (CSS selector '.product-thumb h4 a, .caption a, .name a, h4 a, .product-title a, a.prod-info' broken or empty query)
2026-08-01 15:40:45.36 | WARNING | PARSER   | [Siaifon] 0 items found in 494ms! (CSS selector 'a.c-product-grid__product-title-link' broken or empty query)
2026-08-01 15:40:45.40 | INFO    | PARSER   | [MasterClub] Exracted 2 items in 85ms
2026-08-01 15:40:45.40 | SUCCESS | API      | SEARCH COMPLETED -> Found 2 items across all sites in 2.41s
2026-08-01 15:40:53.55 | INFO    | API      | SEARCH REQUEST -> Category: 'pc', Query: 'ThinkPad'
2026-08-01 15:40:53.55 | INFO    | SYSTEM   | Launching concurent search across 3 'pc' sites for: 'ThinkPad'
2026-08-01 15:40:54.22 | INFO    | NETWORK  | [Bazar] GET -> Status 200 OK (655ms)
2026-08-01 15:40:54.33 | INFO    | PARSER   | [Bazar] Exracted 68 items in 108ms
2026-08-01 15:40:54.54 | INFO    | NETWORK  | [LaptopRemont] GET -> Status 200 OK (976ms)
2026-08-01 15:40:54.62 | INFO    | PARSER   | [LaptopRemont] Exracted 10 items in 83ms
2026-08-01 15:40:56.29 | INFO    | PARSER   | [OLX] Exracted 51 items in 115ms
2026-08-01 15:40:56.29 | SUCCESS | API      | SEARCH COMPLETED -> Found 129 items across all sites in 2.74s
2026-08-01 15:46:19.99 | SUCCESS | API      | CACHE HIT -> Return instant results for 'ThinkPad' (phone)
2026-08-01 15:46:22.90 | SUCCESS | API      | CACHE HIT -> Return instant results for 'ThinkPad' (pc)
2026-08-01 15:46:36.68 | SUCCESS | API      | CACHE HIT -> Return instant results for 'ThinkPad' (pc)
2026-08-01 15:46:42.59 | SUCCESS | SYSTEM   | AKS Price Checker server booted up and ready for requests!
2026-08-01 15:46:47.30 | INFO    | API      | SEARCH REQUEST -> Category: 'phone', Query: 'Iphone 13'
2026-08-01 15:46:47.30 | INFO    | SYSTEM   | Launching concurent search across 7 'phone' sites for: 'Iphone 13'
2026-08-01 15:46:47.35 | INFO    | NETWORK  | [MasterClub] Fetching homepage for fresh session & security_hash...
2026-08-01 15:46:47.79 | INFO    | NETWORK  | [Smenime] GET -> Status 200 OK (443ms)
2026-08-01 15:46:47.84 | INFO    | PARSER   | [Smenime] Exracted 4 items in 41ms
2026-08-01 15:46:48.29 | INFO    | NETWORK  | [GagoGSM] GET -> Status 200 OK (942ms)
2026-08-01 15:46:48.55 | INFO    | PARSER   | [GagoGSM] Exracted 28 items in 252ms
2026-08-01 15:46:48.55 | INFO    | NETWORK  | [Alpha Mobile] GET -> Status 200 OK (1201ms)
2026-08-01 15:46:48.77 | INFO    | PARSER   | [Alpha Mobile] Exracted 50 items in 216ms
2026-08-01 15:46:48.95 | INFO    | NETWORK  | [Cellphone BG] GET -> Status 200 OK (1598ms)
2026-08-01 15:46:49.09 | INFO    | PARSER   | [MasterClub] Exracted 20 items in 315ms
2026-08-01 15:46:49.41 | INFO    | NETWORK  | [Siaifon] GET -> Status 200 OK (2054ms)
2026-08-01 15:46:49.44 | INFO    | PARSER   | [Cellphone BG] Exracted 19 items in 472ms
2026-08-01 15:46:50.00 | INFO    | PARSER   | [Siaifon] Exracted 60 items in 581ms
2026-08-01 15:46:50.33 | INFO    | NETWORK  | [PhoneZona] GET -> Status 200 OK (2980ms)
2026-08-01 15:46:51.28 | INFO    | PARSER   | [PhoneZona] Exracted 15 items in 941ms
2026-08-01 15:46:51.28 | SUCCESS | API      | SEARCH COMPLETED -> Found 196 items across all sites in 3.97s
2026-08-01 15:46:53.37 | INFO    | API      | SEARCH REQUEST -> Category: 'pc', Query: 'Iphone 13'
2026-08-01 15:46:53.37 | INFO    | SYSTEM   | Launching concurent search across 3 'pc' sites for: 'Iphone 13'
2026-08-01 15:46:59.20 | INFO    | NETWORK  | [Bazar] GET -> Status 200 OK (5813ms)
2026-08-01 15:46:59.27 | INFO    | PARSER   | [Bazar] Exracted 64 items in 69ms
2026-08-01 15:46:59.44 | INFO    | NETWORK  | [LaptopRemont] GET -> Status 200 OK (6061ms)
2026-08-01 15:46:59.49 | WARNING | PARSER   | [LaptopRemont] 0 items found in 45ms! (CSS selector 'a[href^='https://www.laptopremont.com/']' broken or empty query)
2026-08-01 15:47:00.79 | INFO    | PARSER   | [OLX] Exracted 50 items in 108ms
2026-08-01 15:47:00.80 | SUCCESS | API      | SEARCH COMPLETED -> Found 114 items across all sites in 7.43s
2026-08-01 15:47:38.29 | SUCCESS | SYSTEM   | AKS Price Checker server booted up and ready for requests!
2026-08-01 15:47:44.02 | INFO    | API      | SEARCH REQUEST -> Category: 'pc', Query: 'Iphone 13'
2026-08-01 15:47:44.02 | INFO    | SYSTEM   | Launching concurent search across 3 'pc' sites for: 'Iphone 13'
2026-08-01 15:47:44.71 | INFO    | NETWORK  | [Bazar] GET -> Status 200 OK (630ms)
2026-08-01 15:47:44.82 | INFO    | PARSER   | [Bazar] Exracted 64 items in 106ms
2026-08-01 15:47:44.82 | INFO    | NETWORK  | [LaptopRemont] GET -> Status 200 OK (743ms)
2026-08-01 15:47:44.88 | WARNING | PARSER   | [LaptopRemont] 0 items found in 57ms! (CSS selector 'a[href^='https://www.laptopremont.com/']' broken or empty query)
2026-08-01 15:47:46.22 | INFO    | PARSER   | [OLX] Exracted 50 items in 181ms
2026-08-01 15:47:46.22 | SUCCESS | API      | SEARCH COMPLETED -> Found 114 items across all sites in 2.2s
2026-08-01 15:47:52.94 | INFO    | API      | SEARCH REQUEST -> Category: 'pc', Query: 'ThinkPad'
2026-08-01 15:47:52.94 | INFO    | SYSTEM   | Launching concurent search across 3 'pc' sites for: 'ThinkPad'
2026-08-01 15:47:53.72 | INFO    | NETWORK  | [LaptopRemont] GET -> Status 200 OK (761ms)
2026-08-01 15:47:53.78 | INFO    | PARSER   | [LaptopRemont] Exracted 10 items in 63ms
2026-08-01 15:47:53.79 | INFO    | NETWORK  | [Bazar] GET -> Status 200 OK (826ms)
2026-08-01 15:47:53.88 | INFO    | PARSER   | [Bazar] Exracted 68 items in 91ms
2026-08-01 15:47:54.92 | INFO    | PARSER   | [OLX] Exracted 51 items in 251ms
2026-08-01 15:47:54.93 | SUCCESS | API      | SEARCH COMPLETED -> Found 129 items across all sites in 1.99s
2026-08-02 10:09:37.01 | INFO    | API      | SEARCH REQUEST -> Category: 'phone', Query: 'iphone 13'
2026-08-02 10:09:37.01 | INFO    | SYSTEM   | Launching concurent search across 7 'phone' sites for: 'iphone 13'
2026-08-02 10:09:37.05 | INFO    | NETWORK  | [MasterClub] Fetching homepage for fresh session & security_hash...
2026-08-02 10:09:37.57 | INFO    | NETWORK  | [Smenime] GET -> Status 200 OK (526ms)
2026-08-02 10:09:37.63 | INFO    | PARSER   | [Smenime] Exracted 4 items in 62ms
2026-08-02 10:09:38.02 | INFO    | NETWORK  | [GagoGSM] GET -> Status 200 OK (981ms)
2026-08-02 10:09:38.37 | INFO    | NETWORK  | [Siaifon] GET -> Status 200 OK (1326ms)
2026-08-02 10:09:38.41 | INFO    | PARSER   | [GagoGSM] Exracted 28 items in 389ms
2026-08-02 10:09:38.55 | INFO    | NETWORK  | [Alpha Mobile] GET -> Status 200 OK (1511ms)
2026-08-02 10:09:39.19 | INFO    | PARSER   | [Alpha Mobile] Exracted 50 items in 631ms
2026-08-02 10:09:39.21 | INFO    | NETWORK  | [Cellphone BG] GET -> Status 200 OK (2169ms)
2026-08-02 10:09:40.75 | INFO    | PARSER   | [MasterClub] Exracted 20 items in 1543ms
2026-08-02 10:09:40.88 | INFO    | PARSER   | [Cellphone BG] Exracted 19 items in 1622ms
2026-08-02 10:09:41.02 | INFO    | PARSER   | [Siaifon] Exracted 60 items in 2630ms
2026-08-02 10:09:41.04 | INFO    | NETWORK  | [PhoneZona] GET -> Status 200 OK (4000ms)
2026-08-02 10:09:42.93 | INFO    | PARSER   | [PhoneZona] Exracted 15 items in 1883ms
2026-08-02 10:09:42.93 | SUCCESS | API      | SEARCH COMPLETED -> Found 196 items across all sites in 5.92s
2026-08-02 10:13:08.99 | SUCCESS | API      | CACHE HIT -> Return instant results for 'IPhone 13' (phone)
2026-08-02 10:13:21.70 | SUCCESS | SYSTEM   | AKS Price Checker server booted up and ready for requests!
2026-08-02 10:13:24.73 | INFO    | API      | SEARCH REQUEST -> Category: 'phone', Query: 'IPhone 13'
2026-08-02 10:13:24.74 | INFO    | SYSTEM   | Launching concurent search across 7 'phone' sites for: 'IPhone 13'
2026-08-02 10:13:24.87 | INFO    | NETWORK  | [MasterClub] Fetching homepage for fresh session & security_hash...
2026-08-02 10:13:25.32 | INFO    | NETWORK  | [Smenime] GET -> Status 200 OK (455ms)
2026-08-02 10:13:25.43 | INFO    | PARSER   | [Smenime] Exracted 4 items in 102ms
2026-08-02 10:13:25.47 | INFO    | NETWORK  | [GagoGSM] GET -> Status 200 OK (606ms)
2026-08-02 10:13:26.24 | INFO    | PARSER   | [GagoGSM] Exracted 28 items in 764ms
2026-08-02 10:13:26.28 | INFO    | NETWORK  | [Cellphone BG] GET -> Status 200 OK (1414ms)
2026-08-02 10:13:26.49 | INFO    | NETWORK  | [Siaifon] GET -> Status 200 OK (1618ms)
2026-08-02 10:13:26.53 | INFO    | NETWORK  | [Alpha Mobile] GET -> Status 200 OK (1665ms)
2026-08-02 10:13:27.61 | INFO    | PARSER   | [Alpha Mobile] Exracted 50 items in 1072ms
2026-08-02 10:13:27.95 | INFO    | PARSER   | [Cellphone BG] Exracted 19 items in 1670ms
2026-08-02 10:13:28.78 | INFO    | PARSER   | [MasterClub] Exracted 20 items in 762ms
2026-08-02 10:13:29.07 | INFO    | NETWORK  | [PhoneZona] GET -> Status 200 OK (4195ms)
2026-08-02 10:13:29.15 | INFO    | PARSER   | [Siaifon] Exracted 60 items in 2645ms
2026-08-02 10:13:31.34 | INFO    | PARSER   | [PhoneZona] Exracted 15 items in 2260ms
2026-08-02 10:13:31.34 | SUCCESS | API      | SEARCH COMPLETED -> Found 196 items across all sites in 6.61s
2026-08-02 10:14:55.02 | SUCCESS | SYSTEM   | AKS Price Checker server booted up and ready for requests!
2026-08-02 10:15:01.00 | INFO    | API      | SEARCH REQUEST -> Category: 'phone', Query: 'IPhone 13'
2026-08-02 10:15:01.00 | INFO    | SYSTEM   | Launching concurent search across 7 'phone' sites for: 'IPhone 13'
2026-08-02 10:15:01.15 | INFO    | NETWORK  | [MasterClub] Fetching homepage for fresh session & security_hash...
2026-08-02 10:15:01.51 | INFO    | NETWORK  | [Cellphone BG] GET -> Status 200 OK (371ms)
2026-08-02 10:15:01.67 | INFO    | NETWORK  | [Smenime] GET -> Status 200 OK (517ms)
2026-08-02 10:15:01.88 | INFO    | PARSER   | [Smenime] Exracted 4 items in 204ms
2026-08-02 10:15:02.29 | INFO    | NETWORK  | [GagoGSM] GET -> Status 200 OK (1147ms)
2026-08-02 10:15:02.68 | INFO    | PARSER   | [Cellphone BG] Exracted 19 items in 1164ms
2026-08-02 10:15:03.29 | INFO    | NETWORK  | [Siaifon] GET -> Status 200 OK (2133ms)
2026-08-02 10:15:03.37 | INFO    | PARSER   | [GagoGSM] Exracted 28 items in 1065ms
2026-08-02 10:15:04.71 | INFO    | NETWORK  | [PhoneZona] GET -> Status 200 OK (3559ms)
2026-08-02 10:15:04.74 | INFO    | PARSER   | [MasterClub] Exracted 20 items in 826ms
2026-08-02 10:15:05.09 | INFO    | NETWORK  | [Alpha Mobile] GET -> Status 200 OK (3948ms)
2026-08-02 10:15:06.09 | INFO    | PARSER   | [Siaifon] Exracted 60 items in 2777ms
2026-08-02 10:15:06.29 | INFO    | PARSER   | [Alpha Mobile] Exracted 50 items in 1185ms
2026-08-02 10:15:07.32 | INFO    | PARSER   | [PhoneZona] Exracted 15 items in 2577ms
2026-08-02 10:15:07.32 | SUCCESS | API      | SEARCH COMPLETED -> Found 196 items across all sites in 6.32s
2026-08-02 10:15:52.89 | SUCCESS | API      | CACHE HIT -> Return instant results for 'IPhone 13' (phone)
2026-08-02 10:16:02.78 | SUCCESS | SYSTEM   | AKS Price Checker server booted up and ready for requests!
2026-08-02 10:16:07.22 | INFO    | API      | SEARCH REQUEST -> Category: 'phone', Query: 'IPhone 13'
2026-08-02 10:16:07.22 | INFO    | SYSTEM   | Launching concurent search across 7 'phone' sites for: 'IPhone 13'
2026-08-02 10:16:07.35 | INFO    | NETWORK  | [MasterClub] Fetching homepage for fresh session & security_hash...
2026-08-02 10:16:07.65 | INFO    | NETWORK  | [Cellphone BG] GET -> Status 200 OK (310ms)
2026-08-02 10:16:07.82 | INFO    | NETWORK  | [Smenime] GET -> Status 200 OK (471ms)
2026-08-02 10:16:07.99 | INFO    | PARSER   | [Smenime] Exracted 4 items in 167ms
2026-08-02 10:16:08.11 | INFO    | NETWORK  | [GagoGSM] GET -> Status 200 OK (765ms)
2026-08-02 10:16:08.60 | INFO    | PARSER   | [Cellphone BG] Exracted 19 items in 945ms
2026-08-02 10:16:09.11 | INFO    | PARSER   | [GagoGSM] Exracted 28 items in 988ms
2026-08-02 10:16:09.13 | INFO    | NETWORK  | [Alpha Mobile] GET -> Status 200 OK (1792ms)
2026-08-02 10:16:09.20 | INFO    | NETWORK  | [Siaifon] GET -> Status 200 OK (1852ms)
2026-08-02 10:16:09.70 | INFO    | PARSER   | [Alpha Mobile] Exracted 50 items in 567ms
2026-08-02 10:16:10.62 | INFO    | PARSER   | [MasterClub] Exracted 20 items in 803ms
2026-08-02 10:16:10.88 | INFO    | NETWORK  | [PhoneZona] GET -> Status 200 OK (3534ms)
2026-08-02 10:16:11.12 | INFO    | PARSER   | [Siaifon] Exracted 60 items in 1885ms
2026-08-02 10:16:12.90 | INFO    | PARSER   | [PhoneZona] Exracted 15 items in 2011ms
2026-08-02 10:16:12.90 | SUCCESS | API      | SEARCH COMPLETED -> Found 196 items across all sites in 5.68s
2026-08-02 10:17:35.63 | SUCCESS | API      | CACHE HIT -> Return instant results for 'IPhone 13' (phone)
2026-08-02 10:19:12.31 | SUCCESS | API      | CACHE HIT -> Return instant results for 'IPhone 13' (phone)
2026-08-02 10:19:35.05 | SUCCESS | API      | CACHE HIT -> Return instant results for 'IPhone 13' (phone)
2026-08-02 10:19:53.72 | SUCCESS | API      | CACHE HIT -> Return instant results for 'IPhone 13' (phone)
2026-08-02 10:20:37.73 | SUCCESS | API      | CACHE HIT -> Return instant results for 'iphone 13' (phone)
2026-08-02 10:21:13.63 | SUCCESS | API      | CACHE HIT -> Return instant results for 'IPhone 13' (phone)
2026-08-02 10:21:38.58 | SUCCESS | API      | CACHE HIT -> Return instant results for 'IPhone 13' (phone)
2026-08-02 10:22:58.82 | SUCCESS | API      | CACHE HIT -> Return instant results for 'IPhone 13' (phone)
2026-08-02 10:23:21.39 | SUCCESS | API      | CACHE HIT -> Return instant results for 'IPhone 13' (phone)
2026-08-02 10:24:13.13 | SUCCESS | API      | CACHE HIT -> Return instant results for 'IPhone 13' (phone)
2026-08-02 10:24:30.57 | SUCCESS | API      | CACHE HIT -> Return instant results for 'IPhone 13' (phone)
2026-08-02 10:24:39.70 | SUCCESS | API      | CACHE HIT -> Return instant results for 'Iphone 13' (phone)
2026-08-02 10:24:50.87 | SUCCESS | API      | CACHE HIT -> Return instant results for 'IPhone 13' (phone)
2026-08-02 10:25:27.68 | SUCCESS | API      | CACHE HIT -> Return instant results for 'IPhone 13' (phone)
2026-08-02 10:25:36.07 | SUCCESS | API      | CACHE HIT -> Return instant results for 'IPhone 13' (phone)
2026-08-02 10:26:01.35 | SUCCESS | API      | CACHE HIT -> Return instant results for 'IPhone 13' (phone)
2026-08-02 10:26:21.37 | INFO    | API      | SEARCH REQUEST -> Category: 'phone', Query: 'IPhone 13'
2026-08-02 10:26:21.38 | INFO    | SYSTEM   | Launching concurent search across 7 'phone' sites for: 'IPhone 13'
2026-08-02 10:26:21.42 | INFO    | NETWORK  | [MasterClub] Fetching homepage for fresh session & security_hash...
2026-08-02 10:26:21.83 | INFO    | NETWORK  | [Cellphone BG] GET -> Status 200 OK (418ms)
2026-08-02 10:26:22.07 | INFO    | NETWORK  | [Smenime] GET -> Status 200 OK (660ms)
2026-08-02 10:26:22.20 | INFO    | PARSER   | [Smenime] Exracted 4 items in 108ms
2026-08-02 10:26:22.33 | INFO    | NETWORK  | [GagoGSM] GET -> Status 200 OK (915ms)
2026-08-02 10:26:23.47 | INFO    | PARSER   | [Cellphone BG] Exracted 19 items in 1643ms
2026-08-02 10:26:23.68 | INFO    | NETWORK  | [Alpha Mobile] GET -> Status 200 OK (2272ms)
2026-08-02 10:26:23.81 | INFO    | PARSER   | [GagoGSM] Exracted 28 items in 1473ms
2026-08-02 10:26:23.82 | INFO    | NETWORK  | [Siaifon] GET -> Status 200 OK (2400ms)
2026-08-02 10:26:24.31 | INFO    | PARSER   | [Alpha Mobile] Exracted 50 items in 624ms
2026-08-02 10:26:25.35 | INFO    | PARSER   | [MasterClub] Exracted 20 items in 867ms
2026-08-02 10:26:25.51 | INFO    | NETWORK  | [PhoneZona] GET -> Status 200 OK (4096ms)
2026-08-02 10:26:26.14 | INFO    | PARSER   | [Siaifon] Exracted 60 items in 2305ms
2026-08-02 10:26:27.49 | INFO    | PARSER   | [PhoneZona] Exracted 15 items in 1972ms
2026-08-02 10:26:27.49 | SUCCESS | API      | SEARCH COMPLETED -> Found 196 items across all sites in 6.12s
2026-08-02 10:29:17.55 | INFO    | API      | SEARCH REQUEST -> Category: 'pc', Query: 'ThinkPad'
2026-08-02 10:29:17.55 | INFO    | SYSTEM   | Launching concurent search across 3 'pc' sites for: 'ThinkPad'
2026-08-02 10:29:17.75 | INFO    | NETWORK  | [LaptopRemont] GET -> Status 200 OK (153ms)
2026-08-02 10:29:17.75 | WARNING | PARSER   | [LaptopRemont] 0 items found in 3ms! (CSS selector 'a[href^='https://www.laptopremont.com/']' broken or empty query)
2026-08-02 10:29:17.98 | INFO    | NETWORK  | [Bazar] GET -> Status 200 OK (378ms)
2026-08-02 10:29:18.23 | INFO    | PARSER   | [Bazar] Exracted 68 items in 248ms
2026-08-02 10:29:19.60 | INFO    | PARSER   | [OLX] Exracted 51 items in 353ms
2026-08-02 10:29:19.60 | SUCCESS | API      | SEARCH COMPLETED -> Found 119 items across all sites in 2.05s
2026-08-02 10:29:48.38 | SUCCESS | API      | CACHE HIT -> Return instant results for 'ThinkPad' (pc)
2026-08-02 10:42:29.75 | SUCCESS | SYSTEM   | AKS Price Checker server booted up and ready for requests!
2026-08-02 10:42:32.15 | SUCCESS | SYSTEM   | AKS Price Checker server booted up and ready for requests!
2026-08-02 10:42:38.93 | INFO    | API      | SEARCH REQUEST -> Category: 'phone', Query: 'ThinkPad'
2026-08-02 10:42:38.93 | INFO    | SYSTEM   | Launching concurent search across 7 'phone' sites for: 'ThinkPad'
2026-08-02 10:42:39.06 | INFO    | NETWORK  | [MasterClub] Fetching homepage for fresh session & security_hash...
2026-08-02 10:42:39.62 | INFO    | NETWORK  | [Smenime] GET -> Status 200 OK (568ms)
2026-08-02 10:42:39.69 | WARNING | PARSER   | [Smenime] 0 items found in 66ms! (CSS selector 'a[title]' broken or empty query)
2026-08-02 10:42:39.83 | INFO    | NETWORK  | [GagoGSM] GET -> Status 200 OK (777ms)
2026-08-02 10:42:40.82 | WARNING | PARSER   | [GagoGSM] 0 items found in 979ms! (CSS selector '.product-thumb h4 a, .caption a, .name a, h4 a, .product-title a, a.prod-info' broken or empty query)
2026-08-02 10:42:40.93 | INFO    | NETWORK  | [Alpha Mobile] GET -> Status 200 OK (1871ms)
2026-08-02 10:42:40.93 | INFO    | NETWORK  | [Siaifon] GET -> Status 200 OK (1868ms)
2026-08-02 10:42:41.19 | WARNING | PARSER   | [Alpha Mobile] 0 items found in 252ms! (CSS selector '.product-thumb h4 a, .caption a, .name a, h4 a, .product-title a, a.prod-info' broken or empty query)
2026-08-02 10:42:41.37 | INFO    | API      | SEARCH REQUEST -> Category: 'pc', Query: 'ThinkPad'
2026-08-02 10:42:41.38 | INFO    | SYSTEM   | Launching concurent search across 3 'pc' sites for: 'ThinkPad'
2026-08-02 10:42:41.87 | INFO    | NETWORK  | [PhoneZona] GET -> Status 200 OK (2808ms)
2026-08-02 10:42:42.19 | INFO    | PARSER   | [MasterClub] Exracted 2 items in 584ms
2026-08-02 10:42:43.60 | WARNING | PARSER   | [Siaifon] 0 items found in 2651ms! (CSS selector 'a.c-product-grid__product-title-link' broken or empty query)
2026-08-02 10:42:43.76 | INFO    | NETWORK  | [Bazar] GET -> Status 200 OK (2306ms)
2026-08-02 10:42:44.21 | INFO    | PARSER   | [Bazar] Exracted 68 items in 429ms
2026-08-02 10:42:44.22 | INFO    | NETWORK  | [LaptopRemont] GET -> Status 200 OK (2786ms)
2026-08-02 10:42:44.75 | INFO    | PARSER   | [LaptopRemont] Exracted 10 items in 529ms
2026-08-02 10:42:45.29 | WARNING | PARSER   | [PhoneZona] 0 items found in 3407ms! (CSS selector '.product-thumb h4 a, .caption a, .name a, h4 a, .product-title a, a.prod-info' broken or empty query)
2026-08-02 10:42:45.31 | INFO    | NETWORK  | [Cellphone BG] GET -> Status 200 OK (6257ms)
2026-08-02 10:42:45.42 | WARNING | PARSER   | [Cellphone BG] 0 items found in 103ms! (CSS selector '.product-thumb h4 a, .caption a, .name a, h4 a, .product-title a, a.prod-info' broken or empty query)
2026-08-02 10:42:45.45 | SUCCESS | API      | SEARCH COMPLETED -> Found 2 items across all sites in 6.53s
2026-08-02 10:42:45.75 | INFO    | PARSER   | [OLX] Exracted 51 items in 448ms
2026-08-02 10:42:45.75 | SUCCESS | API      | SEARCH COMPLETED -> Found 129 items across all sites in 4.38s
2026-08-02 10:42:51.04 | SUCCESS | API      | CACHE HIT -> Return instant results for 'ThinkPad' (pc)
2026-08-02 10:43:33.03 | SUCCESS | API      | CACHE HIT -> Return instant results for 'ThinkPad' (pc)
2026-08-02 10:51:46.27 | SUCCESS | SYSTEM   | AKS Price Checker server booted up and ready for requests!
2026-08-02 10:51:53.25 | INFO    | API      | SEARCH REQUEST -> Category: 'pc', Query: 'ThinkPad'
2026-08-02 10:51:53.26 | INFO    | SYSTEM   | Launching concurent search across 3 'pc' sites for: 'ThinkPad'
2026-08-02 10:51:53.52 | INFO    | NETWORK  | [LaptopRemont] GET -> Status 200 OK (128ms)
2026-08-02 10:51:53.53 | WARNING | PARSER   | [LaptopRemont] 0 items found in 6ms! (CSS selector 'td.ch18 a' broken or empty query)
2026-08-02 10:51:53.78 | INFO    | NETWORK  | [Bazar] GET -> Status 200 OK (387ms)
2026-08-02 10:51:54.15 | INFO    | PARSER   | [Bazar] Exracted 68 items in 362ms
2026-08-02 10:51:55.71 | INFO    | PARSER   | [OLX] Exracted 51 items in 233ms
2026-08-02 10:51:55.72 | SUCCESS | API      | SEARCH COMPLETED -> Found 119 items across all sites in 2.46s
2026-08-02 10:53:36.90 | SUCCESS | SYSTEM   | AKS Price Checker server booted up and ready for requests!
2026-08-02 10:53:40.55 | SUCCESS | SYSTEM   | AKS Price Checker server booted up and ready for requests!
2026-08-02 10:58:45.98 | SUCCESS | SYSTEM   | AKS Price Checker server booted up and ready for requests!
2026-08-02 10:58:47.88 | SUCCESS | SYSTEM   | AKS Price Checker server booted up and ready for requests!
2026-08-02 10:58:49.86 | SUCCESS | SYSTEM   | AKS Price Checker server booted up and ready for requests!
2026-08-02 10:58:54.60 | SUCCESS | SYSTEM   | AKS Price Checker server booted up and ready for requests!
2026-08-02 10:59:07.02 | INFO    | API      | SEARCH REQUEST -> Category: 'pc', Query: 'ThinkPad'
2026-08-02 10:59:07.02 | INFO    | SYSTEM   | Launching concurent search across 3 'pc' sites for: 'ThinkPad'
2026-08-02 10:59:07.29 | INFO    | NETWORK  | [LaptopRemont] GET -> Status 200 OK (136ms)
2026-08-02 10:59:07.29 | WARNING | PARSER   | [LaptopRemont] 0 items found in 5ms! (CSS selector 'td.ch18 a' broken or empty query)
2026-08-02 10:59:07.61 | INFO    | NETWORK  | [Bazar] GET -> Status 200 OK (451ms)
2026-08-02 10:59:07.91 | INFO    | PARSER   | [Bazar] Exracted 68 items in 297ms
2026-08-02 10:59:09.15 | INFO    | PARSER   | [OLX] Exracted 51 items in 289ms
2026-08-02 10:59:09.15 | SUCCESS | API      | SEARCH COMPLETED -> Found 119 items across all sites in 2.13s
2026-08-02 10:59:23.68 | SUCCESS | SYSTEM   | AKS Price Checker server booted up and ready for requests!
2026-08-02 10:59:29.19 | SUCCESS | SYSTEM   | AKS Price Checker server booted up and ready for requests!
2026-08-02 10:59:35.10 | SUCCESS | SYSTEM   | AKS Price Checker server booted up and ready for requests!
2026-08-02 11:00:02.20 | SUCCESS | SYSTEM   | AKS Price Checker server booted up and ready for requests!
2026-08-02 11:02:34.57 | SUCCESS | SYSTEM   | AKS Price Checker server booted up and ready for requests!
2026-08-02 11:02:43.21 | INFO    | API      | SEARCH REQUEST -> Category: 'pc', Query: 'ThinkPad'
2026-08-02 11:02:43.21 | INFO    | SYSTEM   | Launching concurent search across 3 'pc' sites for: 'ThinkPad'
2026-08-02 11:02:43.45 | INFO    | NETWORK  | [LaptopRemont] GET -> Status 200 OK (122ms)
2026-08-02 11:02:43.46 | WARNING | PARSER   | [LaptopRemont] 0 items found in 8ms! (CSS selector 'a[href*='products_id='], a[href*='product_info.php']' broken or empty query)
2026-08-02 11:02:43.71 | INFO    | NETWORK  | [Bazar] GET -> Status 200 OK (377ms)
2026-08-02 11:02:44.03 | INFO    | PARSER   | [Bazar] Exracted 68 items in 311ms
2026-08-02 11:02:45.27 | INFO    | PARSER   | [OLX] Exracted 51 items in 271ms
2026-08-02 11:02:45.27 | SUCCESS | API      | SEARCH COMPLETED -> Found 119 items across all sites in 2.06s
2026-08-02 11:04:47.40 | SUCCESS | SYSTEM   | AKS Price Checker server booted up and ready for requests!
2026-08-02 11:04:49.15 | SUCCESS | SYSTEM   | AKS Price Checker server booted up and ready for requests!
2026-08-02 11:04:52.60 | SUCCESS | SYSTEM   | AKS Price Checker server booted up and ready for requests!
2026-08-02 11:04:59.52 | INFO    | API      | SEARCH REQUEST -> Category: 'pc', Query: 'ThinkPad'
2026-08-02 11:04:59.52 | INFO    | SYSTEM   | Launching concurent search across 3 'pc' sites for: 'ThinkPad'
2026-08-02 11:04:59.72 | INFO    | NETWORK  | [LaptopRemont] GET -> Status 200 OK (97ms)
2026-08-02 11:04:59.73 | WARNING | PARSER   | [LaptopRemont] 0 items found in 4ms! (CSS selector 'a[href*='products_id='], a[href*='product_info.php']' broken or empty query)
2026-08-02 11:05:00.01 | INFO    | NETWORK  | [Bazar] GET -> Status 200 OK (384ms)
2026-08-02 11:05:00.19 | INFO    | PARSER   | [Bazar] Exracted 68 items in 180ms
2026-08-02 11:05:01.60 | INFO    | PARSER   | [OLX] Exracted 51 items in 228ms
2026-08-02 11:05:01.61 | SUCCESS | API      | SEARCH COMPLETED -> Found 119 items across all sites in 2.09s
2026-08-02 11:06:46.00 | SUCCESS | SYSTEM   | AKS Price Checker server booted up and ready for requests!
2026-08-02 11:06:48.97 | SUCCESS | SYSTEM   | AKS Price Checker server booted up and ready for requests!
2026-08-02 11:06:51.74 | SUCCESS | SYSTEM   | AKS Price Checker server booted up and ready for requests!
2026-08-02 11:06:56.75 | INFO    | API      | SEARCH REQUEST -> Category: 'pc', Query: 'ThinkPad'
2026-08-02 11:06:56.76 | INFO    | SYSTEM   | Launching concurent search across 3 'pc' sites for: 'ThinkPad'
2026-08-02 11:06:57.01 | INFO    | NETWORK  | [LaptopRemont] GET -> Status 200 OK (116ms)
2026-08-02 11:06:57.01 | WARNING | PARSER   | [LaptopRemont] 0 items found in 5ms! (CSS selector 'td.ch18 a' broken or empty query)
2026-08-02 11:06:57.25 | INFO    | NETWORK  | [Bazar] GET -> Status 200 OK (353ms)
2026-08-02 11:06:57.55 | INFO    | PARSER   | [Bazar] Exracted 68 items in 301ms
2026-08-02 11:06:59.09 | INFO    | PARSER   | [OLX] Exracted 51 items in 414ms
2026-08-02 11:06:59.10 | SUCCESS | API      | SEARCH COMPLETED -> Found 119 items across all sites in 2.34s
2026-08-02 11:07:14.33 | SUCCESS | SYSTEM   | AKS Price Checker server booted up and ready for requests!
2026-08-02 11:07:16.37 | SUCCESS | SYSTEM   | AKS Price Checker server booted up and ready for requests!
2026-08-02 11:07:20.24 | INFO    | API      | SEARCH REQUEST -> Category: 'phone', Query: 'ThinkPad'
2026-08-02 11:07:20.24 | INFO    | SYSTEM   | Launching concurent search across 7 'phone' sites for: 'ThinkPad'
2026-08-02 11:07:20.38 | INFO    | NETWORK  | [MasterClub] Fetching homepage for fresh session & security_hash...
2026-08-02 11:07:20.54 | INFO    | NETWORK  | [Cellphone BG] GET -> Status 200 OK (166ms)
2026-08-02 11:07:20.63 | WARNING | PARSER   | [Cellphone BG] 0 items found in 91ms! (CSS selector '.product-thumb h4 a, .caption a, .name a, h4 a, .product-title a, a.prod-info' broken or empty query)
2026-08-02 11:07:20.80 | INFO    | NETWORK  | [Smenime] GET -> Status 200 OK (425ms)
2026-08-02 11:07:20.84 | WARNING | PARSER   | [Smenime] 0 items found in 42ms! (CSS selector 'a[title]' broken or empty query)
2026-08-02 11:07:21.31 | INFO    | NETWORK  | [GagoGSM] GET -> Status 200 OK (934ms)
2026-08-02 11:07:21.32 | INFO    | NETWORK  | [Alpha Mobile] GET -> Status 200 OK (948ms)
2026-08-02 11:07:21.54 | INFO    | NETWORK  | [Siaifon] GET -> Status 200 OK (1159ms)
2026-08-02 11:07:21.75 | WARNING | PARSER   | [Alpha Mobile] 0 items found in 413ms! (CSS selector '.product-thumb h4 a, .caption a, .name a, h4 a, .product-title a, a.prod-info' broken or empty query)
2026-08-02 11:07:22.22 | WARNING | PARSER   | [GagoGSM] 0 items found in 901ms! (CSS selector '.product-thumb h4 a, .caption a, .name a, h4 a, .product-title a, a.prod-info' broken or empty query)
2026-08-02 11:07:22.62 | INFO    | PARSER   | [MasterClub] Exracted 2 items in 348ms
2026-08-02 11:07:22.83 | INFO    | NETWORK  | [PhoneZona] GET -> Status 200 OK (2455ms)
2026-08-02 11:07:23.30 | WARNING | PARSER   | [Siaifon] 0 items found in 1742ms! (CSS selector 'a.c-product-grid__product-title-link' broken or empty query)
2026-08-02 11:07:25.13 | WARNING | PARSER   | [PhoneZona] 0 items found in 2282ms! (CSS selector '.product-thumb h4 a, .caption a, .name a, h4 a, .product-title a, a.prod-info' broken or empty query)
2026-08-02 11:07:25.13 | SUCCESS | API      | SEARCH COMPLETED -> Found 2 items across all sites in 4.89s
2026-08-02 11:07:26.12 | INFO    | API      | SEARCH REQUEST -> Category: 'pc', Query: 'ThinkPad'
2026-08-02 11:07:26.12 | INFO    | SYSTEM   | Launching concurent search across 3 'pc' sites for: 'ThinkPad'
2026-08-02 11:07:26.25 | INFO    | NETWORK  | [LaptopRemont] GET -> Status 200 OK (104ms)
2026-08-02 11:07:26.25 | WARNING | PARSER   | [LaptopRemont] 0 items found in 2ms! (CSS selector 'td.ch18 a' broken or empty query)
2026-08-02 11:07:26.49 | INFO    | NETWORK  | [Bazar] GET -> Status 200 OK (344ms)
2026-08-02 11:07:26.66 | INFO    | PARSER   | [Bazar] Exracted 68 items in 164ms
2026-08-02 11:07:27.93 | INFO    | PARSER   | [OLX] Exracted 51 items in 452ms
2026-08-02 11:07:27.93 | SUCCESS | API      | SEARCH COMPLETED -> Found 119 items across all sites in 1.82s
2026-08-02 11:08:02.77 | SUCCESS | SYSTEM   | AKS Price Checker server booted up and ready for requests!
2026-08-02 11:08:04.98 | SUCCESS | SYSTEM   | AKS Price Checker server booted up and ready for requests!
2026-08-02 11:08:10.77 | INFO    | API      | SEARCH REQUEST -> Category: 'pc', Query: 'ThinkPad'
2026-08-02 11:08:10.77 | INFO    | SYSTEM   | Launching concurent search across 3 'pc' sites for: 'ThinkPad'
2026-08-02 11:08:11.01 | INFO    | NETWORK  | [LaptopRemont] GET -> Status 200 OK (109ms)
2026-08-02 11:08:11.01 | WARNING | PARSER   | [LaptopRemont] 0 items found in 4ms! (CSS selector 'td.ch18 a' broken or empty query)
2026-08-02 11:08:11.30 | INFO    | NETWORK  | [Bazar] GET -> Status 200 OK (395ms)
2026-08-02 11:08:11.56 | INFO    | PARSER   | [Bazar] Exracted 68 items in 264ms
2026-08-02 11:08:12.64 | INFO    | PARSER   | [OLX] Exracted 51 items in 322ms
2026-08-02 11:08:12.65 | SUCCESS | API      | SEARCH COMPLETED -> Found 119 items across all sites in 1.87s
2026-08-02 11:08:29.40 | SUCCESS | SYSTEM   | AKS Price Checker server booted up and ready for requests!
2026-08-02 11:08:32.26 | SUCCESS | SYSTEM   | AKS Price Checker server booted up and ready for requests!
2026-08-02 11:08:38.34 | INFO    | API      | SEARCH REQUEST -> Category: 'pc', Query: 'ThinkPad'
2026-08-02 11:08:38.34 | INFO    | SYSTEM   | Launching concurent search across 3 'pc' sites for: 'ThinkPad'
2026-08-02 11:08:38.62 | INFO    | NETWORK  | [LaptopRemont] GET -> Status 200 OK (127ms)
2026-08-02 11:08:38.62 | WARNING | PARSER   | [LaptopRemont] 0 items found in 4ms! (CSS selector 'td.ch18 a' broken or empty query)
2026-08-02 11:08:38.99 | INFO    | NETWORK  | [Bazar] GET -> Status 200 OK (492ms)
2026-08-02 11:08:39.20 | INFO    | PARSER   | [Bazar] Exracted 68 items in 215ms
2026-08-02 11:08:40.50 | INFO    | PARSER   | [OLX] Exracted 51 items in 247ms
2026-08-02 11:08:40.50 | SUCCESS | API      | SEARCH COMPLETED -> Found 119 items across all sites in 2.17s
2026-08-02 11:08:53.97 | SUCCESS | SYSTEM   | AKS Price Checker server booted up and ready for requests!
2026-08-02 11:08:55.55 | SUCCESS | SYSTEM   | AKS Price Checker server booted up and ready for requests!
2026-08-02 11:09:05.49 | SUCCESS | SYSTEM   | AKS Price Checker server booted up and ready for requests!
2026-08-02 11:09:08.83 | SUCCESS | SYSTEM   | AKS Price Checker server booted up and ready for requests!
2026-08-02 11:09:12.51 | INFO    | API      | SEARCH REQUEST -> Category: 'phone', Query: 'ThinkPad'
2026-08-02 11:09:12.51 | INFO    | SYSTEM   | Launching concurent search across 7 'phone' sites for: 'ThinkPad'
2026-08-02 11:09:12.65 | INFO    | NETWORK  | [MasterClub] Fetching homepage for fresh session & security_hash...
2026-08-02 11:09:12.76 | INFO    | NETWORK  | [Cellphone BG] GET -> Status 200 OK (118ms)
2026-08-02 11:09:12.84 | WARNING | PARSER   | [Cellphone BG] 0 items found in 86ms! (CSS selector '.product-thumb h4 a, .caption a, .name a, h4 a, .product-title a, a.prod-info' broken or empty query)
2026-08-02 11:09:13.05 | INFO    | NETWORK  | [Smenime] GET -> Status 200 OK (411ms)
2026-08-02 11:09:13.10 | WARNING | PARSER   | [Smenime] 0 items found in 42ms! (CSS selector 'a[title]' broken or empty query)
2026-08-02 11:09:13.61 | INFO    | NETWORK  | [GagoGSM] GET -> Status 200 OK (969ms)
2026-08-02 11:09:13.70 | INFO    | NETWORK  | [Siaifon] GET -> Status 200 OK (1049ms)
2026-08-02 11:09:14.31 | WARNING | PARSER   | [GagoGSM] 0 items found in 693ms! (CSS selector '.product-thumb h4 a, .caption a, .name a, h4 a, .product-title a, a.prod-info' broken or empty query)
2026-08-02 11:09:14.34 | INFO    | NETWORK  | [Alpha Mobile] GET -> Status 200 OK (1704ms)
2026-08-02 11:09:14.54 | WARNING | PARSER   | [Alpha Mobile] 0 items found in 197ms! (CSS selector '.product-thumb h4 a, .caption a, .name a, h4 a, .product-title a, a.prod-info' broken or empty query)
2026-08-02 11:09:15.12 | INFO    | PARSER   | [MasterClub] Exracted 2 items in 491ms
2026-08-02 11:09:15.29 | INFO    | NETWORK  | [PhoneZona] GET -> Status 200 OK (2643ms)
2026-08-02 11:09:15.68 | WARNING | PARSER   | [Siaifon] 0 items found in 1965ms! (CSS selector 'a.c-product-grid__product-title-link' broken or empty query)
2026-08-02 11:09:17.35 | WARNING | PARSER   | [PhoneZona] 0 items found in 2053ms! (CSS selector '.product-thumb h4 a, .caption a, .name a, h4 a, .product-title a, a.prod-info' broken or empty query)
2026-08-02 11:09:17.36 | SUCCESS | API      | SEARCH COMPLETED -> Found 2 items across all sites in 4.84s
2026-08-02 11:09:23.49 | INFO    | API      | SEARCH REQUEST -> Category: 'pc', Query: 'ThinkPad'
2026-08-02 11:09:23.49 | INFO    | SYSTEM   | Launching concurent search across 3 'pc' sites for: 'ThinkPad'
2026-08-02 11:09:23.68 | INFO    | NETWORK  | [LaptopRemont] GET -> Status 200 OK (161ms)
2026-08-02 11:09:23.68 | WARNING | PARSER   | [LaptopRemont] 0 items found in 3ms! (CSS selector 'a[href^='https://www.laptopremont.com/']' broken or empty query)
2026-08-02 11:09:23.88 | INFO    | NETWORK  | [Bazar] GET -> Status 200 OK (364ms)
2026-08-02 11:09:24.08 | INFO    | PARSER   | [Bazar] Exracted 68 items in 196ms
2026-08-02 11:09:25.58 | INFO    | PARSER   | [OLX] Exracted 51 items in 459ms
2026-08-02 11:09:25.58 | SUCCESS | API      | SEARCH COMPLETED -> Found 119 items across all sites in 2.09s
2026-08-02 11:09:46.65 | SUCCESS | SYSTEM   | AKS Price Checker server booted up and ready for requests!
2026-08-02 11:10:11.15 | SUCCESS | SYSTEM   | AKS Price Checker server booted up and ready for requests!
2026-08-02 11:10:15.53 | SUCCESS | SYSTEM   | AKS Price Checker server booted up and ready for requests!
2026-08-02 11:10:18.22 | SUCCESS | SYSTEM   | AKS Price Checker server booted up and ready for requests!
2026-08-02 11:10:21.12 | INFO    | API      | SEARCH REQUEST -> Category: 'phone', Query: 'ThinkPad'
2026-08-02 11:10:21.12 | INFO    | SYSTEM   | Launching concurent search across 7 'phone' sites for: 'ThinkPad'
2026-08-02 11:10:21.23 | INFO    | NETWORK  | [MasterClub] Fetching homepage for fresh session & security_hash...
2026-08-02 11:10:21.33 | INFO    | NETWORK  | [Cellphone BG] GET -> Status 200 OK (103ms)
2026-08-02 11:10:21.40 | WARNING | PARSER   | [Cellphone BG] 0 items found in 65ms! (CSS selector '.product-thumb h4 a, .caption a, .name a, h4 a, .product-title a, a.prod-info' broken or empty query)
2026-08-02 11:10:21.65 | INFO    | NETWORK  | [Smenime] GET -> Status 200 OK (419ms)
2026-08-02 11:10:21.69 | WARNING | PARSER   | [Smenime] 0 items found in 38ms! (CSS selector 'a[title]' broken or empty query)
2026-08-02 11:10:21.85 | INFO    | NETWORK  | [GagoGSM] GET -> Status 200 OK (619ms)
2026-08-02 11:10:22.73 | WARNING | PARSER   | [GagoGSM] 0 items found in 873ms! (CSS selector '.product-thumb h4 a, .caption a, .name a, h4 a, .product-title a, a.prod-info' broken or empty query)
2026-08-02 11:10:22.73 | INFO    | NETWORK  | [Siaifon] GET -> Status 200 OK (1496ms)
2026-08-02 11:10:22.83 | INFO    | NETWORK  | [Alpha Mobile] GET -> Status 200 OK (1598ms)
2026-08-02 11:10:23.12 | WARNING | PARSER   | [Alpha Mobile] 0 items found in 285ms! (CSS selector '.product-thumb h4 a, .caption a, .name a, h4 a, .product-title a, a.prod-info' broken or empty query)
2026-08-02 11:10:23.30 | INFO    | NETWORK  | [PhoneZona] GET -> Status 200 OK (2064ms)
2026-08-02 11:10:24.68 | INFO    | PARSER   | [MasterClub] Exracted 2 items in 629ms
2026-08-02 11:10:25.00 | WARNING | PARSER   | [Siaifon] 0 items found in 2264ms! (CSS selector 'a.c-product-grid__product-title-link' broken or empty query)
2026-08-02 11:10:25.90 | WARNING | PARSER   | [PhoneZona] 0 items found in 2601ms! (CSS selector '.product-thumb h4 a, .caption a, .name a, h4 a, .product-title a, a.prod-info' broken or empty query)
2026-08-02 11:10:25.90 | SUCCESS | API      | SEARCH COMPLETED -> Found 2 items across all sites in 4.79s
2026-08-02 11:10:31.27 | INFO    | API      | SEARCH REQUEST -> Category: 'pc', Query: 'ThinkPad'
2026-08-02 11:10:31.27 | INFO    | SYSTEM   | Launching concurent search across 3 'pc' sites for: 'ThinkPad'
2026-08-02 11:10:31.43 | INFO    | NETWORK  | [LaptopRemont] GET -> Status 200 OK (118ms)
2026-08-02 11:10:31.44 | WARNING | PARSER   | [LaptopRemont] 0 items found in 3ms! (CSS selector 'td.ch18 a' broken or empty query)
2026-08-02 11:10:31.75 | INFO    | NETWORK  | [Bazar] GET -> Status 200 OK (429ms)
2026-08-02 11:10:32.01 | INFO    | PARSER   | [Bazar] Exracted 68 items in 259ms
2026-08-02 11:10:33.41 | INFO    | PARSER   | [OLX] Exracted 51 items in 436ms
2026-08-02 11:10:33.41 | SUCCESS | API      | SEARCH COMPLETED -> Found 119 items across all sites in 2.14s
2026-08-02 11:13:13.46 | INFO    | API      | SEARCH REQUEST -> Category: 'phone', Query: 'IPhone 13'
2026-08-02 11:13:13.46 | INFO    | SYSTEM   | Launching concurent search across 7 'phone' sites for: 'IPhone 13'
2026-08-02 11:13:13.50 | INFO    | NETWORK  | [MasterClub] Fetching homepage for fresh session & security_hash...
2026-08-02 11:13:13.95 | INFO    | NETWORK  | [Smenime] GET -> Status 200 OK (453ms)
2026-08-02 11:13:14.01 | INFO    | PARSER   | [Smenime] Exracted 4 items in 55ms
2026-08-02 11:13:14.62 | INFO    | NETWORK  | [GagoGSM] GET -> Status 200 OK (1128ms)
2026-08-02 11:13:14.82 | INFO    | NETWORK  | [Alpha Mobile] GET -> Status 200 OK (1322ms)
2026-08-02 11:13:14.82 | INFO    | NETWORK  | [Siaifon] GET -> Status 200 OK (1315ms)
2026-08-02 11:13:14.85 | INFO    | NETWORK  | [Cellphone BG] GET -> Status 200 OK (1363ms)
2026-08-02 11:13:15.72 | INFO    | PARSER   | [Alpha Mobile] Exracted 50 items in 898ms
2026-08-02 11:13:15.76 | INFO    | PARSER   | [GagoGSM] Exracted 28 items in 1135ms
2026-08-02 11:13:16.73 | INFO    | PARSER   | [Cellphone BG] Exracted 19 items in 1869ms
2026-08-02 11:13:16.94 | INFO    | PARSER   | [MasterClub] Exracted 20 items in 878ms
2026-08-02 11:13:17.48 | INFO    | NETWORK  | [PhoneZona] GET -> Status 200 OK (3987ms)
2026-08-02 11:13:17.55 | INFO    | PARSER   | [Siaifon] Exracted 60 items in 2703ms
2026-08-02 11:13:19.16 | INFO    | PARSER   | [PhoneZona] Exracted 15 items in 1673ms
2026-08-02 11:13:19.16 | SUCCESS | API      | SEARCH COMPLETED -> Found 196 items across all sites in 5.7s
2026-08-02 11:17:43.83 | SUCCESS | SYSTEM   | AKS Price Checker server booted up and ready for requests!
2026-08-02 11:17:45.27 | SUCCESS | SYSTEM   | AKS Price Checker server booted up and ready for requests!
2026-08-02 11:20:23.05 | SUCCESS | SYSTEM   | AKS Price Checker server booted up and ready for requests!
2026-08-02 11:26:25.17 | SUCCESS | SYSTEM   | AKS Price Checker server booted up and ready for requests!
2026-08-02 11:26:34.82 | SUCCESS | SYSTEM   | AKS Price Checker server booted up and ready for requests!
2026-08-02 11:26:44.30 | INFO    | API      | SEARCH REQUEST -> Category: 'phone', Query: 'IPhone 13'
2026-08-02 11:26:44.30 | INFO    | SYSTEM   | Launching concurent search across 7 'phone' sites for: 'IPhone 13'
2026-08-02 11:26:44.44 | INFO    | NETWORK  | [MasterClub] Fetching homepage for fresh session & security_hash...
2026-08-02 11:26:44.81 | INFO    | NETWORK  | [Cellphone BG] GET -> Status 200 OK (387ms)
2026-08-02 11:26:45.42 | INFO    | NETWORK  | [GagoGSM] GET -> Status 200 OK (992ms)
2026-08-02 11:26:46.68 | INFO    | PARSER   | [Cellphone BG] Exracted 19 items in 1862ms
2026-08-02 11:26:46.85 | INFO    | NETWORK  | [Smenime] GET -> Status 200 OK (2414ms)
2026-08-02 11:26:46.87 | INFO    | NETWORK  | [Alpha Mobile] GET -> Status 200 OK (2438ms)
2026-08-02 11:26:47.02 | INFO    | PARSER   | [Smenime] Exracted 4 items in 160ms
2026-08-02 11:26:47.10 | INFO    | NETWORK  | [Siaifon] GET -> Status 200 OK (2661ms)
2026-08-02 11:26:47.57 | INFO    | PARSER   | [Alpha Mobile] Exracted 50 items in 695ms
2026-08-02 11:26:49.05 | INFO    | PARSER   | [MasterClub] Exracted 20 items in 1007ms
2026-08-02 11:26:49.07 | INFO    | NETWORK  | [PhoneZona] GET -> Status 200 OK (4638ms)
2026-08-02 11:26:49.64 | INFO    | PARSER   | [GagoGSM] Exracted 28 items in 4204ms
2026-08-02 11:26:50.23 | INFO    | PARSER   | [Siaifon] Exracted 60 items in 3096ms
2026-08-02 11:26:51.26 | INFO    | PARSER   | [PhoneZona] Exracted 15 items in 2165ms
2026-08-02 11:26:51.27 | SUCCESS | API      | SEARCH COMPLETED -> Found 196 items across all sites in 6.97s
2026-08-02 11:29:47.23 | SUCCESS | SYSTEM   | AKS Price Checker server booted up and ready for requests!
2026-08-02 11:29:51.54 | SUCCESS | SYSTEM   | AKS Price Checker server booted up and ready for requests!
2026-08-02 11:29:54.15 | SUCCESS | SYSTEM   | AKS Price Checker server booted up and ready for requests!
2026-08-02 11:29:55.56 | SUCCESS | SYSTEM   | AKS Price Checker server booted up and ready for requests!
2026-08-02 11:34:27.27 | SUCCESS | SYSTEM   | AKS Price Checker server booted up and ready for requests!
2026-08-02 11:34:46.50 | SUCCESS | SYSTEM   | AKS Price Checker server booted up and ready for requests!
2026-08-02 11:34:49.50 | SUCCESS | SYSTEM   | AKS Price Checker server booted up and ready for requests!
2026-08-02 11:34:51.39 | SUCCESS | SYSTEM   | AKS Price Checker server booted up and ready for requests!
2026-08-02 11:34:58.35 | INFO    | API      | SEARCH REQUEST -> Category: 'pc', Query: 'ThinkPad'
2026-08-02 11:34:58.36 | INFO    | SYSTEM   | Launching concurent search across 3 'pc' sites for: 'ThinkPad'
2026-08-02 11:34:58.62 | INFO    | NETWORK  | [LaptopRemont] GET -> Status 200 OK (136ms)
2026-08-02 11:34:58.63 | WARNING | PARSER   | [LaptopRemont] 0 items found in 5ms! (CSS selector 'a[href*='products_id='], a[href*='product_info.php']' broken or empty query)
2026-08-02 11:34:58.87 | INFO    | NETWORK  | [Bazar] GET -> Status 200 OK (382ms)
2026-08-02 11:34:59.11 | INFO    | PARSER   | [Bazar] Exracted 68 items in 230ms
2026-08-02 11:35:00.40 | INFO    | PARSER   | [OLX] Exracted 51 items in 244ms
2026-08-02 11:35:00.40 | SUCCESS | API      | SEARCH COMPLETED -> Found 119 items across all sites in 2.05s
2026-08-02 11:37:07.16 | SUCCESS | SYSTEM   | AKS Price Checker server booted up and ready for requests!
2026-08-02 11:37:43.70 | SUCCESS | SYSTEM   | AKS Price Checker server booted up and ready for requests!
2026-08-02 11:37:45.38 | SUCCESS | SYSTEM   | AKS Price Checker server booted up and ready for requests!
2026-08-02 11:38:09.68 | SUCCESS | SYSTEM   | AKS Price Checker server booted up and ready for requests!
2026-08-02 11:38:48.17 | SUCCESS | SYSTEM   | AKS Price Checker server booted up and ready for requests!
2026-08-02 11:38:49.65 | SUCCESS | SYSTEM   | AKS Price Checker server booted up and ready for requests!
2026-08-02 11:38:55.88 | INFO    | API      | SEARCH REQUEST -> Category: 'phone', Query: 'IPhone 13'
2026-08-02 11:38:55.88 | INFO    | SYSTEM   | Launching concurent search across 7 'phone' sites for: 'IPhone 13'
2026-08-02 11:38:56.02 | INFO    | NETWORK  | [MasterClub] Fetching homepage for fresh session & security_hash...
2026-08-02 11:38:56.33 | INFO    | NETWORK  | [Cellphone BG] GET -> Status 200 OK (318ms)
2026-08-02 11:38:56.64 | INFO    | NETWORK  | [Smenime] GET -> Status 200 OK (619ms)
2026-08-02 11:38:56.88 | INFO    | PARSER   | [Smenime] Exracted 4 items in 224ms
2026-08-02 11:38:57.02 | INFO    | NETWORK  | [GagoGSM] GET -> Status 200 OK (1000ms)
2026-08-02 11:38:58.17 | INFO    | PARSER   | [Cellphone BG] Exracted 19 items in 1838ms
2026-08-02 11:38:58.30 | INFO    | NETWORK  | [Alpha Mobile] GET -> Status 200 OK (2280ms)
2026-08-02 11:38:58.58 | INFO    | NETWORK  | [Siaifon] GET -> Status 200 OK (2554ms)
2026-08-02 11:38:58.88 | INFO    | PARSER   | [Alpha Mobile] Exracted 50 items in 577ms
2026-08-02 11:39:00.19 | INFO    | PARSER   | [GagoGSM] Exracted 28 items in 3104ms
2026-08-02 11:39:00.54 | INFO    | NETWORK  | [PhoneZona] GET -> Status 200 OK (4521ms)
2026-08-02 11:39:00.56 | INFO    | PARSER   | [MasterClub] Exracted 20 items in 913ms
2026-08-02 11:39:01.13 | INFO    | PARSER   | [Siaifon] Exracted 60 items in 2525ms
2026-08-02 11:39:02.48 | INFO    | PARSER   | [PhoneZona] Exracted 15 items in 1914ms
2026-08-02 11:39:02.48 | SUCCESS | API      | SEARCH COMPLETED -> Found 196 items across all sites in 6.6s
2026-08-02 11:39:41.12 | INFO    | API      | SEARCH REQUEST -> Category: 'pc', Query: 'ThinkPad'
2026-08-02 11:39:41.12 | INFO    | SYSTEM   | Launching concurent search across 3 'pc' sites for: 'ThinkPad'
2026-08-02 11:39:41.41 | INFO    | NETWORK  | [LaptopRemont] GET -> Status 200 OK (249ms)
2026-08-02 11:39:41.41 | WARNING | PARSER   | [LaptopRemont] 0 items found in 3ms! (CSS selector 'a[href*='products_id='], a[href*='product_info.php']' broken or empty query)
2026-08-02 11:39:41.66 | INFO    | NETWORK  | [Bazar] GET -> Status 200 OK (493ms)
2026-08-02 11:39:41.87 | INFO    | PARSER   | [Bazar] Exracted 68 items in 206ms
2026-08-02 11:39:42.73 | INFO    | PARSER   | [OLX] Exracted 51 items in 293ms
2026-08-02 11:39:42.73 | SUCCESS | API      | SEARCH COMPLETED -> Found 119 items across all sites in 1.62s
2026-08-02 11:49:28.84 | SUCCESS | SYSTEM   | AKS Price Checker server booted up and ready for requests!
2026-08-02 11:49:31.15 | SUCCESS | SYSTEM   | AKS Price Checker server booted up and ready for requests!
2026-08-02 11:49:53.16 | SUCCESS | SYSTEM   | AKS Price Checker server booted up and ready for requests!
2026-08-02 11:50:33.30 | SUCCESS | SYSTEM   | AKS Price Checker server booted up and ready for requests!
2026-08-02 11:50:44.08 | SUCCESS | SYSTEM   | AKS Price Checker server booted up and ready for requests!
2026-08-02 11:51:08.24 | INFO    | API      | SEARCH REQUEST -> Category: 'pc', Query: 'HP'
2026-08-02 11:51:08.24 | INFO    | SYSTEM   | Launching concurent search across 3 'pc' sites for: 'HP'
2026-08-02 11:51:08.54 | INFO    | NETWORK  | [LaptopRemont] GET -> Status 200 OK (139ms)
2026-08-02 11:51:08.55 | WARNING | PARSER   | [LaptopRemont] 0 items found in 8ms! (CSS selector 'a[href*='products_id='], .productListing-data a' broken or empty query)
2026-08-02 11:51:08.93 | INFO    | NETWORK  | [Bazar] GET -> Status 200 OK (523ms)
2026-08-02 11:51:09.19 | INFO    | PARSER   | [Bazar] Exracted 68 items in 259ms
2026-08-02 11:51:10.55 | INFO    | PARSER   | [OLX] Exracted 51 items in 240ms
2026-08-02 11:51:10.55 | SUCCESS | API      | SEARCH COMPLETED -> Found 119 items across all sites in 2.31s
2026-08-02 11:51:54.50 | INFO    | API      | SEARCH REQUEST -> Category: 'pc', Query: 'HP Elitebook'
2026-08-02 11:51:54.50 | INFO    | SYSTEM   | Launching concurent search across 3 'pc' sites for: 'HP Elitebook'
2026-08-02 11:51:54.68 | INFO    | NETWORK  | [LaptopRemont] GET -> Status 200 OK (140ms)
2026-08-02 11:51:54.68 | WARNING | PARSER   | [LaptopRemont] 0 items found in 2ms! (CSS selector 'a[href*='products_id='], .productListing-data a' broken or empty query)
2026-08-02 11:51:55.02 | INFO    | NETWORK  | [Bazar] GET -> Status 200 OK (478ms)
2026-08-02 11:51:55.23 | INFO    | PARSER   | [Bazar] Exracted 68 items in 205ms
2026-08-02 11:51:56.59 | INFO    | PARSER   | [OLX] Exracted 40 items in 233ms
2026-08-02 11:51:56.60 | SUCCESS | API      | SEARCH COMPLETED -> Found 108 items across all sites in 2.1s
2026-08-02 11:58:03.32 | INFO    | API      | SEARCH REQUEST -> Category: 'pc', Query: 'HPElitebook'
2026-08-02 11:58:03.32 | INFO    | SYSTEM   | Launching concurent search across 3 'pc' sites for: 'HPElitebook'
2026-08-02 11:58:03.51 | INFO    | NETWORK  | [LaptopRemont] GET -> Status 200 OK (145ms)
2026-08-02 11:58:03.51 | WARNING | PARSER   | [LaptopRemont] 0 items found in 2ms! (CSS selector 'a[href*='products_id='], .productListing-data a' broken or empty query)
2026-08-02 11:58:03.76 | INFO    | NETWORK  | [Bazar] GET -> Status 200 OK (393ms)
2026-08-02 11:58:03.85 | WARNING | PARSER   | [Bazar] 0 items found in 88ms! (CSS selector 'a[data-id]' broken or empty query)
2026-08-02 11:58:04.78 | INFO    | PARSER   | [OLX] Exracted 1 items in 124ms
2026-08-02 11:58:04.78 | SUCCESS | API      | SEARCH COMPLETED -> Found 1 items across all sites in 1.46s
2026-08-02 11:58:12.41 | INFO    | API      | SEARCH REQUEST -> Category: 'pc', Query: 'Elitebook'
2026-08-02 11:58:12.41 | INFO    | SYSTEM   | Launching concurent search across 3 'pc' sites for: 'Elitebook'
2026-08-02 11:58:12.56 | INFO    | NETWORK  | [LaptopRemont] GET -> Status 200 OK (118ms)
2026-08-02 11:58:12.57 | WARNING | PARSER   | [LaptopRemont] 0 items found in 2ms! (CSS selector 'a[href*='products_id='], .productListing-data a' broken or empty query)
2026-08-02 11:58:12.86 | INFO    | NETWORK  | [Bazar] GET -> Status 200 OK (410ms)
2026-08-02 11:58:13.09 | INFO    | PARSER   | [Bazar] Exracted 68 items in 231ms
2026-08-02 11:58:14.92 | INFO    | PARSER   | [OLX] Exracted 42 items in 228ms
2026-08-02 11:58:14.92 | SUCCESS | API      | SEARCH COMPLETED -> Found 110 items across all sites in 2.51s
2026-08-02 12:02:33.98 | SUCCESS | SYSTEM   | AKS Price Checker server booted up and ready for requests!
2026-08-02 12:02:36.31 | SUCCESS | SYSTEM   | AKS Price Checker server booted up and ready for requests!
2026-08-02 12:02:42.87 | SUCCESS | SYSTEM   | AKS Price Checker server booted up and ready for requests!
2026-08-02 12:02:50.11 | SUCCESS | SYSTEM   | AKS Price Checker server booted up and ready for requests!
2026-08-02 12:03:14.48 | INFO    | API      | SEARCH REQUEST -> Category: 'pc', Query: 'Elitebook'
2026-08-02 12:03:14.48 | INFO    | SYSTEM   | Launching concurent search across 3 'pc' sites for: 'Elitebook'
2026-08-02 12:03:14.75 | INFO    | NETWORK  | [LaptopRemont] GET -> Status 200 OK (161ms)
2026-08-02 12:03:14.76 | WARNING | PARSER   | [LaptopRemont] 0 items found in 4ms! (CSS selector 'a[href*='products_id='], .productListing-data a' broken or empty query)
2026-08-02 12:03:14.76 | INFO    | PARSER   | [LaptopRemont] HTML dumped to laptopremont_debug.html
2026-08-02 12:03:14.97 | INFO    | NETWORK  | [Bazar] GET -> Status 200 OK (375ms)
2026-08-02 12:03:15.19 | INFO    | PARSER   | [Bazar] Exracted 68 items in 215ms
2026-08-02 12:03:17.45 | INFO    | PARSER   | [OLX] Exracted 42 items in 203ms
2026-08-02 12:03:17.46 | SUCCESS | API      | SEARCH COMPLETED -> Found 110 items across all sites in 2.97s
2026-08-02 12:07:51.54 | SUCCESS | SYSTEM   | AKS Price Checker server booted up and ready for requests!
2026-08-02 12:08:10.99 | SUCCESS | SYSTEM   | AKS Price Checker server booted up and ready for requests!
2026-08-02 12:08:13.69 | SUCCESS | SYSTEM   | AKS Price Checker server booted up and ready for requests!
2026-08-02 12:09:51.36 | SUCCESS | SYSTEM   | AKS Price Checker server booted up and ready for requests!
2026-08-02 12:10:31.66 | SUCCESS | SYSTEM   | AKS Price Checker server booted up and ready for requests!
2026-08-02 12:10:33.18 | SUCCESS | SYSTEM   | AKS Price Checker server booted up and ready for requests!
2026-08-02 12:10:34.85 | SUCCESS | SYSTEM   | AKS Price Checker server booted up and ready for requests!
2026-08-02 12:10:37.72 | SUCCESS | SYSTEM   | AKS Price Checker server booted up and ready for requests!
2026-08-02 12:10:57.84 | SUCCESS | SYSTEM   | AKS Price Checker server booted up and ready for requests!
2026-08-02 12:11:00.39 | SUCCESS | SYSTEM   | AKS Price Checker server booted up and ready for requests!
2026-08-02 12:11:05.42 | INFO    | API      | SEARCH REQUEST -> Category: 'pc', Query: 'EliteBook'
2026-08-02 12:11:05.42 | INFO    | SYSTEM   | Launching concurent search across 3 'pc' sites for: 'EliteBook'
2026-08-02 12:11:05.53 | INFO    | NETWORK  | [LaptopRemont] Launching Playwright to bypass SuperJS challenge...
2026-08-02 12:11:05.98 | INFO    | NETWORK  | [Bazar] GET -> Status 200 OK (439ms)
2026-08-02 12:11:06.34 | INFO    | PARSER   | [Bazar] Exracted 68 items in 361ms
2026-08-02 12:11:07.49 | INFO    | PARSER   | [OLX] Exracted 42 items in 440ms
2026-08-02 12:11:08.04 | WARNING | NETWORK  | [LaptopRemont] SuperJS is taking longer... waiting extra 3 seconds.
2026-08-02 12:11:11.34 | INFO    | PARSER   | [LaptopRemont] Exracted 10 items in 139ms
2026-08-02 12:11:11.34 | SUCCESS | API      | SEARCH COMPLETED -> Found 120 items across all sites in 5.92s
2026-08-02 12:13:16.19 | SUCCESS | SYSTEM   | AKS Price Checker server booted up and ready for requests!
2026-08-02 12:13:19.13 | SUCCESS | SYSTEM   | AKS Price Checker server booted up and ready for requests!
2026-08-02 12:14:43.61 | SUCCESS | SYSTEM   | AKS Price Checker server booted up and ready for requests!
2026-08-02 12:14:48.46 | INFO    | API      | SEARCH REQUEST -> Category: 'pc', Query: 'EliteBook'
2026-08-02 12:14:48.46 | INFO    | SYSTEM   | Launching concurent search across 3 'pc' sites for: 'EliteBook'
2026-08-02 12:14:48.56 | INFO    | NETWORK  | [LaptopRemont] Launching Playwright to bypass SuperJS challenge...
2026-08-02 12:14:48.95 | INFO    | NETWORK  | [Bazar] GET -> Status 200 OK (379ms)
2026-08-02 12:14:49.25 | INFO    | PARSER   | [Bazar] Exracted 68 items in 297ms
2026-08-02 12:14:50.54 | INFO    | PARSER   | [OLX] Exracted 42 items in 412ms
2026-08-02 12:14:51.02 | WARNING | NETWORK  | [LaptopRemont] SuperJS is taking longer... waiting extra 3 seconds.
2026-08-02 12:14:54.39 | WARNING | PARSER   | [LaptopRemont] 0 items found in 161ms! (CSS selector 'a[href*='products_id='], .productListing-data a' broken or empty query)
2026-08-02 12:14:54.40 | INFO    | PARSER   | [LaptopRemont] HTML dumped to laptopremont_debug.html
2026-08-02 12:14:54.40 | SUCCESS | API      | SEARCH COMPLETED -> Found 110 items across all sites in 5.94s
2026-08-02 12:15:06.33 | SUCCESS | SYSTEM   | AKS Price Checker server booted up and ready for requests!
2026-08-02 12:15:11.42 | INFO    | API      | SEARCH REQUEST -> Category: 'pc', Query: 'ThinkPad'
2026-08-02 12:15:11.42 | INFO    | SYSTEM   | Launching concurent search across 3 'pc' sites for: 'ThinkPad'
2026-08-02 12:15:11.54 | INFO    | NETWORK  | [LaptopRemont] Launching Playwright to bypass SuperJS challenge...
2026-08-02 12:15:12.25 | INFO    | NETWORK  | [Bazar] GET -> Status 200 OK (709ms)
2026-08-02 12:15:12.58 | INFO    | PARSER   | [Bazar] Exracted 68 items in 325ms
2026-08-02 12:15:13.82 | INFO    | PARSER   | [OLX] Exracted 51 items in 277ms
2026-08-02 12:15:13.90 | WARNING | NETWORK  | [LaptopRemont] SuperJS is taking longer... waiting extra 3 seconds.
2026-08-02 12:15:17.20 | INFO    | PARSER   | [LaptopRemont] Exracted 10 items in 134ms
2026-08-02 12:15:17.20 | SUCCESS | API      | SEARCH COMPLETED -> Found 129 items across all sites in 5.77s
2026-08-02 12:15:29.55 | SUCCESS | SYSTEM   | AKS Price Checker server booted up and ready for requests!
2026-08-02 12:15:35.95 | INFO    | API      | SEARCH REQUEST -> Category: 'pc', Query: 'ThinkPad'
2026-08-02 12:15:35.95 | INFO    | SYSTEM   | Launching concurent search across 3 'pc' sites for: 'ThinkPad'
2026-08-02 12:15:36.06 | INFO    | NETWORK  | [LaptopRemont] Launching Playwright to bypass SuperJS challenge...
2026-08-02 12:15:36.56 | INFO    | NETWORK  | [Bazar] GET -> Status 200 OK (490ms)
2026-08-02 12:15:36.84 | INFO    | PARSER   | [Bazar] Exracted 68 items in 278ms
2026-08-02 12:15:38.22 | WARNING | NETWORK  | [LaptopRemont] SuperJS is taking longer... waiting extra 3 seconds.
2026-08-02 12:15:38.40 | INFO    | PARSER   | [OLX] Exracted 51 items in 301ms
2026-08-02 12:15:41.57 | WARNING | PARSER   | [LaptopRemont] 0 items found in 157ms! (CSS selector 'a[href*='products_id='], .productListing-data a' broken or empty query)
2026-08-02 12:15:41.57 | INFO    | PARSER   | [LaptopRemont] HTML dumped to laptopremont_debug.html
2026-08-02 12:15:41.57 | SUCCESS | API      | SEARCH COMPLETED -> Found 119 items across all sites in 5.62s
2026-08-02 12:21:21.22 | SUCCESS | SYSTEM   | AKS Price Checker server booted up and ready for requests!
2026-08-02 12:23:29.39 | SUCCESS | SYSTEM   | AKS Price Checker server booted up and ready for requests!
2026-08-02 12:23:31.53 | SUCCESS | SYSTEM   | AKS Price Checker server booted up and ready for requests!
2026-08-02 12:24:08.69 | SUCCESS | SYSTEM   | AKS Price Checker server booted up and ready for requests!
2026-08-02 12:24:12.86 | SUCCESS | SYSTEM   | AKS Price Checker server booted up and ready for requests!
2026-08-02 12:24:17.48 | SUCCESS | SYSTEM   | AKS Price Checker server booted up and ready for requests!
2026-08-02 12:24:19.39 | SUCCESS | SYSTEM   | AKS Price Checker server booted up and ready for requests!
2026-08-02 12:24:20.94 | SUCCESS | SYSTEM   | AKS Price Checker server booted up and ready for requests!
2026-08-02 12:24:31.91 | INFO    | API      | SEARCH REQUEST -> Category: 'pc', Query: 'ThinkPad'
2026-08-02 12:24:31.91 | INFO    | SYSTEM   | Launching concurent search across 3 'pc' sites for: 'ThinkPad'
2026-08-02 12:24:32.01 | INFO    | NETWORK  | [LaptopRemont] Launching Playwright to bypass SuperJS challenge...
2026-08-02 12:24:32.48 | INFO    | NETWORK  | [Bazar] GET -> Status 200 OK (465ms)
2026-08-02 12:24:32.81 | INFO    | PARSER   | [Bazar] Exracted 68 items in 319ms
2026-08-02 12:24:34.27 | INFO    | PARSER   | [OLX] Exracted 51 items in 381ms
2026-08-02 12:24:34.36 | WARNING | NETWORK  | [LaptopRemont] SuperJS is taking longer... waiting extra 3 seconds.
2026-08-02 12:24:38.04 | WARNING | PARSER   | [LaptopRemont] 0 items found in 465ms! (CSS selector 'a[href*='products_id='], .productListing-data a' broken or empty query)
2026-08-02 12:24:38.04 | INFO    | PARSER   | [LaptopRemont] HTML dumped to laptopremont_debug.html
2026-08-02 12:24:38.04 | SUCCESS | API      | SEARCH COMPLETED -> Found 119 items across all sites in 6.14s
2026-08-02 12:24:41.08 | SUCCESS | SYSTEM   | AKS Price Checker server booted up and ready for requests!
2026-08-02 12:24:45.74 | INFO    | API      | SEARCH REQUEST -> Category: 'pc', Query: 'ThinkPad'
2026-08-02 12:24:45.74 | INFO    | SYSTEM   | Launching concurent search across 3 'pc' sites for: 'ThinkPad'
2026-08-02 12:24:45.87 | INFO    | NETWORK  | [LaptopRemont] Launching Playwright to bypass SuperJS challenge...
2026-08-02 12:24:46.33 | INFO    | NETWORK  | [Bazar] GET -> Status 200 OK (458ms)
2026-08-02 12:24:46.63 | INFO    | PARSER   | [Bazar] Exracted 68 items in 297ms
2026-08-02 12:24:48.19 | INFO    | PARSER   | [OLX] Exracted 51 items in 296ms
2026-08-02 12:24:48.20 | WARNING | NETWORK  | [LaptopRemont] SuperJS is taking longer... waiting extra 3 seconds.
2026-08-02 12:24:51.51 | WARNING | PARSER   | [LaptopRemont] 0 items found in 150ms! (CSS selector 'a[href*='products_id='], .productListing-data a' broken or empty query)
2026-08-02 12:24:51.52 | INFO    | PARSER   | [LaptopRemont] HTML dumped to laptopremont_debug.html
2026-08-02 12:24:51.52 | SUCCESS | API      | SEARCH COMPLETED -> Found 119 items across all sites in 5.77s
2026-08-02 12:25:18.72 | SUCCESS | SYSTEM   | AKS Price Checker server booted up and ready for requests!
2026-08-02 12:25:25.93 | INFO    | API      | SEARCH REQUEST -> Category: 'pc', Query: 'ThinkPad'
2026-08-02 12:25:25.94 | INFO    | SYSTEM   | Launching concurent search across 3 'pc' sites for: 'ThinkPad'
2026-08-02 12:25:26.03 | INFO    | NETWORK  | [LaptopRemont] Launching Playwright to bypass SuperJS challenge...
2026-08-02 12:25:26.48 | INFO    | NETWORK  | [Bazar] GET -> Status 200 OK (447ms)
2026-08-02 12:25:26.76 | INFO    | PARSER   | [Bazar] Exracted 68 items in 272ms
2026-08-02 12:25:27.81 | INFO    | PARSER   | [OLX] Exracted 51 items in 282ms
2026-08-02 12:25:28.12 | WARNING | NETWORK  | [LaptopRemont] SuperJS is taking longer... waiting extra 3 seconds.
2026-08-02 12:25:31.44 | INFO    | PARSER   | [LaptopRemont] Exracted 10 items in 139ms
2026-08-02 12:25:31.45 | SUCCESS | API      | SEARCH COMPLETED -> Found 129 items across all sites in 5.51s
2026-08-02 12:27:47.27 | SUCCESS | SYSTEM   | AKS Price Checker server booted up and ready for requests!
2026-08-02 12:27:53.45 | INFO    | API      | SEARCH REQUEST -> Category: 'pc', Query: 'ThinkPad'
2026-08-02 12:27:53.45 | INFO    | SYSTEM   | Launching concurent search across 3 'pc' sites for: 'ThinkPad'
2026-08-02 12:27:53.58 | INFO    | NETWORK  | [LaptopRemont] Launching Playwright to bypass SuperJS challenge...
2026-08-02 12:27:54.02 | INFO    | NETWORK  | [Bazar] GET -> Status 200 OK (434ms)
2026-08-02 12:27:54.26 | INFO    | PARSER   | [Bazar] Exracted 68 items in 234ms
2026-08-02 12:27:55.43 | INFO    | PARSER   | [OLX] Exracted 51 items in 327ms
2026-08-02 12:27:55.80 | WARNING | NETWORK  | [LaptopRemont] SuperJS is taking longer... waiting extra 3 seconds.
2026-08-02 12:27:59.13 | WARNING | PARSER   | [LaptopRemont] 0 items found in 136ms! (CSS selector 'a[href*='products_id='], .productListing-data a' broken or empty query)
2026-08-02 12:27:59.13 | INFO    | PARSER   | [LaptopRemont] HTML dumped to laptopremont_debug.html
2026-08-02 12:27:59.13 | SUCCESS | API      | SEARCH COMPLETED -> Found 119 items across all sites in 5.68s
2026-08-02 12:29:43.18 | SUCCESS | API      | CACHE HIT -> Return instant results for 'ThinkPad' (pc)
2026-08-02 12:33:04.51 | SUCCESS | SYSTEM   | AKS Price Checker server booted up and ready for requests!
2026-08-02 12:33:10.27 | INFO    | API      | SEARCH REQUEST -> Category: 'pc', Query: 'ThinkPad'
2026-08-02 12:33:10.27 | INFO    | SYSTEM   | Launching concurent search across 3 'pc' sites for: 'ThinkPad'
2026-08-02 12:33:10.38 | INFO    | NETWORK  | [LaptopRemont] Launching Playwright to bypass SuperJS challenge...
2026-08-02 12:33:10.90 | INFO    | NETWORK  | [Bazar] GET -> Status 200 OK (515ms)
2026-08-02 12:33:11.12 | INFO    | PARSER   | [Bazar] Exracted 68 items in 217ms
2026-08-02 12:33:12.27 | INFO    | PARSER   | [OLX] Exracted 51 items in 242ms
2026-08-02 12:33:12.39 | WARNING | NETWORK  | [LaptopRemont] SuperJS is taking longer... waiting extra 3 seconds.
2026-08-02 12:33:15.74 | INFO    | PARSER   | [LaptopRemont] Exracted 10 items in 159ms
2026-08-02 12:33:15.74 | SUCCESS | API      | SEARCH COMPLETED -> Found 129 items across all sites in 5.47s
2026-08-02 12:37:52.04 | SUCCESS | SYSTEM   | AKS Price Checker server booted up and ready for requests!
2026-08-02 12:39:34.63 | SUCCESS | SYSTEM   | AKS Price Checker server booted up and ready for requests!
2026-08-02 12:39:40.05 | INFO    | API      | SEARCH REQUEST -> Category: 'phone', Query: 'ThinkPad'
2026-08-02 12:39:40.05 | INFO    | SYSTEM   | Launching concurent search across 7 'phone' sites for: 'ThinkPad'
2026-08-02 12:39:40.15 | INFO    | NETWORK  | [MasterClub] Fetching homepage for fresh session & security_hash...
2026-08-02 12:39:40.57 | INFO    | NETWORK  | [Cellphone BG] GET -> Status 200 OK (424ms)
2026-08-02 12:39:40.63 | WARNING | PARSER   | [Cellphone BG] 0 items found in 62ms! (CSS selector '.product-thumb h4 a, .caption a, .name a, h4 a, .product-title a, a.prod-info' broken or empty query)
2026-08-02 12:39:40.72 | INFO    | NETWORK  | [Smenime] GET -> Status 200 OK (571ms)
2026-08-02 12:39:40.75 | WARNING | PARSER   | [Smenime] 0 items found in 31ms! (CSS selector 'a[title]' broken or empty query)
2026-08-02 12:39:41.03 | INFO    | NETWORK  | [GagoGSM] GET -> Status 200 OK (882ms)
2026-08-02 12:39:41.04 | INFO    | NETWORK  | [Alpha Mobile] GET -> Status 200 OK (892ms)
2026-08-02 12:39:41.23 | WARNING | PARSER   | [Alpha Mobile] 0 items found in 190ms! (CSS selector '.product-thumb h4 a, .caption a, .name a, h4 a, .product-title a, a.prod-info' broken or empty query)
2026-08-02 12:39:41.27 | INFO    | NETWORK  | [Siaifon] GET -> Status 200 OK (1116ms)
2026-08-02 12:39:41.62 | WARNING | PARSER   | [GagoGSM] 0 items found in 585ms! (CSS selector '.product-thumb h4 a, .caption a, .name a, h4 a, .product-title a, a.prod-info' broken or empty query)
2026-08-02 12:39:41.94 | INFO    | PARSER   | [MasterClub] Extracted 2 items in 241ms
2026-08-02 12:39:42.11 | INFO    | NETWORK  | [PhoneZona] GET -> Status 200 OK (1963ms)
2026-08-02 12:39:42.65 | WARNING | PARSER   | [Siaifon] 0 items found in 1361ms! (CSS selector 'a.c-product-grid__product-title-link' broken or empty query)
2026-08-02 12:39:44.22 | WARNING | PARSER   | [PhoneZona] 0 items found in 2095ms! (CSS selector '.product-thumb h4 a, .caption a, .name a, h4 a, .product-title a, a.prod-info' broken or empty query)
2026-08-02 12:39:44.22 | SUCCESS | API      | SEARCH COMPLETED -> Found 2 items across all sites in 4.17s
2026-08-02 12:39:48.90 | INFO    | API      | SEARCH REQUEST -> Category: 'pc', Query: 'ThinkPad'
2026-08-02 12:39:48.90 | INFO    | SYSTEM   | Launching concurent search across 3 'pc' sites for: 'ThinkPad'
2026-08-02 12:39:48.94 | INFO    | NETWORK  | [LaptopRemont] Launching Playwright to bypass SuperJS challenge...
2026-08-02 12:39:49.33 | INFO    | NETWORK  | [Bazar] GET -> Status 200 OK (385ms)
2026-08-02 12:39:49.55 | INFO    | PARSER   | [Bazar] Extracted 68 items in 222ms
2026-08-02 12:39:51.20 | INFO    | PARSER   | [OLX] Extracted 51 items in 311ms
2026-08-02 12:39:51.25 | WARNING | NETWORK  | [LaptopRemont] SuperJS is taking longer... waiting extra 3 seconds.
2026-08-02 12:39:54.53 | INFO    | PARSER   | [LaptopRemont] Extracted 10 items in 135ms
2026-08-02 12:39:54.54 | SUCCESS | API      | SEARCH COMPLETED -> Found 129 items across all sites in 5.64s
2026-08-02 12:42:17.86 | SUCCESS | SYSTEM   | AKS Price Checker server booted up and ready for requests!
2026-08-02 12:42:28.36 | INFO    | API      | SEARCH REQUEST -> Category: 'phone', Query: 'ThinkPad'
2026-08-02 12:42:28.36 | INFO    | SYSTEM   | Launching concurent search across 7 'phone' sites for: 'ThinkPad'
2026-08-02 12:42:28.47 | INFO    | NETWORK  | [MasterClub] Fetching homepage for fresh session & security_hash...
2026-08-02 12:42:28.62 | INFO    | NETWORK  | [Cellphone BG] GET -> Status 200 OK (159ms)
2026-08-02 12:42:28.70 | WARNING | PARSER   | [Cellphone BG] 0 items found in 80ms! (CSS selector '.product-thumb h4 a, .caption a, .name a, h4 a, .product-title a, a.prod-info' broken or empty query)
2026-08-02 12:42:28.95 | INFO    | NETWORK  | [Smenime] GET -> Status 200 OK (485ms)
2026-08-02 12:42:28.98 | WARNING | PARSER   | [Smenime] 0 items found in 29ms! (CSS selector 'a[title]' broken or empty query)
2026-08-02 12:42:28.99 | INFO    | NETWORK  | [GagoGSM] GET -> Status 200 OK (523ms)
2026-08-02 12:42:29.54 | WARNING | PARSER   | [GagoGSM] 0 items found in 542ms! (CSS selector '.product-thumb h4 a, .caption a, .name a, h4 a, .product-title a, a.prod-info' broken or empty query)
2026-08-02 12:42:29.73 | INFO    | NETWORK  | [Alpha Mobile] GET -> Status 200 OK (1269ms)
2026-08-02 12:42:29.83 | WARNING | PARSER   | [Alpha Mobile] 0 items found in 93ms! (CSS selector '.product-thumb h4 a, .caption a, .name a, h4 a, .product-title a, a.prod-info' broken or empty query)
2026-08-02 12:42:29.83 | INFO    | NETWORK  | [Siaifon] GET -> Status 200 OK (1359ms)
2026-08-02 12:42:30.19 | INFO    | NETWORK  | [PhoneZona] GET -> Status 200 OK (1723ms)
2026-08-02 12:42:31.06 | INFO    | PARSER   | [MasterClub] Extracted 2 items in 617ms
2026-08-02 12:42:31.64 | WARNING | PARSER   | [Siaifon] 0 items found in 1797ms! (CSS selector 'a.c-product-grid__product-title-link' broken or empty query)
2026-08-02 12:42:32.42 | WARNING | PARSER   | [PhoneZona] 0 items found in 2208ms! (CSS selector '.product-thumb h4 a, .caption a, .name a, h4 a, .product-title a, a.prod-info' broken or empty query)
2026-08-02 12:42:32.42 | SUCCESS | API      | SEARCH COMPLETED -> Found 2 items across all sites in 4.06s
2026-08-02 12:42:39.25 | INFO    | API      | SEARCH REQUEST -> Category: 'pc', Query: 'ThinkPad'
2026-08-02 12:42:39.25 | INFO    | SYSTEM   | Launching concurent search across 3 'pc' sites for: 'ThinkPad'
2026-08-02 12:42:39.29 | INFO    | NETWORK  | [LaptopRemont] Launching Playwright to bypass SuperJS challenge...
2026-08-02 12:42:39.69 | INFO    | NETWORK  | [Bazar] GET -> Status 200 OK (392ms)
2026-08-02 12:42:39.92 | INFO    | PARSER   | [Bazar] Extracted 68 items in 230ms
2026-08-02 12:42:41.26 | INFO    | PARSER   | [OLX] Extracted 51 items in 328ms
2026-08-02 12:42:41.63 | WARNING | NETWORK  | [LaptopRemont] SuperJS is taking longer... waiting extra 3 seconds.
2026-08-02 12:42:44.90 | WARNING | PARSER   | [LaptopRemont] 0 items found in 106ms! (CSS selector 'a[href*='products_id=']:not([href*='action=buy_now'])' broken or empty query)
2026-08-02 12:42:44.90 | INFO    | PARSER   | [LaptopRemont] HTML dumped to laptopremont_debug.html
2026-08-02 12:42:44.90 | SUCCESS | API      | SEARCH COMPLETED -> Found 119 items across all sites in 5.66s
2026-08-02 12:43:05.12 | SUCCESS | SYSTEM   | AKS Price Checker server booted up and ready for requests!
2026-08-02 12:43:08.50 | INFO    | API      | SEARCH REQUEST -> Category: 'pc', Query: 'ThinkPad'
2026-08-02 12:43:08.50 | INFO    | SYSTEM   | Launching concurent search across 3 'pc' sites for: 'ThinkPad'
2026-08-02 12:43:08.62 | INFO    | NETWORK  | [LaptopRemont] Launching Playwright to bypass SuperJS challenge...
2026-08-02 12:43:09.04 | INFO    | NETWORK  | [Bazar] GET -> Status 200 OK (421ms)
2026-08-02 12:43:09.32 | INFO    | PARSER   | [Bazar] Extracted 68 items in 275ms
2026-08-02 12:43:10.46 | INFO    | PARSER   | [OLX] Extracted 51 items in 293ms
2026-08-02 12:43:10.71 | WARNING | NETWORK  | [LaptopRemont] SuperJS is taking longer... waiting extra 3 seconds.
2026-08-02 12:43:14.06 | INFO    | PARSER   | [LaptopRemont] Extracted 10 items in 152ms
2026-08-02 12:43:14.06 | SUCCESS | API      | SEARCH COMPLETED -> Found 129 items across all sites in 5.56s
2026-08-02 12:43:48.53 | SUCCESS | SYSTEM   | AKS Price Checker server booted up and ready for requests!
2026-08-02 12:45:15.86 | SUCCESS | SYSTEM   | AKS Price Checker server booted up and ready for requests!
2026-08-02 12:45:21.69 | INFO    | API      | SEARCH REQUEST -> Category: 'pc', Query: 'ThinkPad'
2026-08-02 12:45:21.70 | INFO    | SYSTEM   | Launching concurent search across 3 'pc' sites for: 'ThinkPad'
2026-08-02 12:45:21.80 | INFO    | NETWORK  | [LaptopRemont] Launching Playwright to bypass SuperJS challenge...
2026-08-02 12:45:22.20 | INFO    | NETWORK  | [Bazar] GET -> Status 200 OK (393ms)
2026-08-02 12:45:22.46 | INFO    | PARSER   | [Bazar] Extracted 68 items in 259ms
2026-08-02 12:45:24.11 | INFO    | PARSER   | [OLX] Extracted 51 items in 279ms
2026-08-02 12:45:28.96 | WARNING | NETWORK  | [LaptopRemont] SuperJS is taking longer... waiting extra 3 seconds.
2026-08-02 12:45:32.28 | WARNING | PARSER   | [LaptopRemont] 0 items found in 137ms!
2026-08-02 12:45:32.28 | SUCCESS | API      | SEARCH COMPLETED -> Found 119 items across all sites in 10.58s
2026-08-02 12:46:42.75 | SUCCESS | SYSTEM   | AKS Price Checker server booted up and ready for requests!
2026-08-02 12:46:44.60 | SUCCESS | SYSTEM   | AKS Price Checker server booted up and ready for requests!
2026-08-02 12:47:11.96 | SUCCESS | SYSTEM   | AKS Price Checker server booted up and ready for requests!
2026-08-02 12:47:16.28 | INFO    | API      | SEARCH REQUEST -> Category: 'pc', Query: 'ThinkPad'
2026-08-02 12:47:16.28 | INFO    | SYSTEM   | Launching concurent search across 3 'pc' sites for: 'ThinkPad'
2026-08-02 12:47:16.39 | INFO    | NETWORK  | [LaptopRemont] Launching Playwright to bypass SuperJS challenge...
2026-08-02 12:47:16.76 | INFO    | NETWORK  | [Bazar] GET -> Status 200 OK (365ms)
2026-08-02 12:47:17.07 | INFO    | PARSER   | [Bazar] Extracted 68 items in 301ms
2026-08-02 12:47:18.37 | INFO    | PARSER   | [OLX] Extracted 51 items in 389ms
2026-08-02 12:47:21.12 | INFO    | PARSER   | [LaptopRemont] Extracted 17 items in 165ms
2026-08-02 12:47:21.12 | SUCCESS | API      | SEARCH COMPLETED -> Found 136 items across all sites in 4.84s
2026-08-02 12:47:37.70 | SUCCESS | SYSTEM   | AKS Price Checker server booted up and ready for requests!
2026-08-02 12:50:35.26 | SUCCESS | SYSTEM   | AKS Price Checker server booted up and ready for requests!
2026-08-02 12:50:43.57 | INFO    | API      | SEARCH REQUEST -> Category: 'phone', Query: 'Iphone 13'
2026-08-02 12:50:43.57 | INFO    | SYSTEM   | Launching concurent search across 8 'phone' sites for: 'Iphone 13'
2026-08-02 12:50:43.70 | INFO    | NETWORK  | [MasterClub] Fetching homepage for fresh session & security_hash...
2026-08-02 12:50:44.31 | INFO    | NETWORK  | [Smenime] GET -> Status 200 OK (617ms)
2026-08-02 12:50:44.42 | INFO    | PARSER   | [Smenime] Extracted 4 items in 104ms
2026-08-02 12:50:44.50 | INFO    | NETWORK  | [GagoGSM] GET -> Status 200 OK (805ms)
2026-08-02 12:50:45.27 | INFO    | NETWORK  | [Alpha Mobile] GET -> Status 200 OK (1582ms)
2026-08-02 12:50:45.30 | INFO    | NETWORK  | [Cellphone BG] GET -> Status 200 OK (1608ms)
2026-08-02 12:50:46.00 | INFO    | PARSER   | [Alpha Mobile] Extracted 50 items in 729ms
2026-08-02 12:50:47.25 | INFO    | PARSER   | [GagoGSM] Extracted 28 items in 2749ms
2026-08-02 12:50:47.28 | INFO    | PARSER   | [Cellphone BG] Extracted 19 items in 1976ms
2026-08-02 12:50:47.31 | INFO    | NETWORK  | [Siaifon] GET -> Status 200 OK (3613ms)
2026-08-02 12:50:47.75 | INFO    | PARSER   | [MasterClub] Extracted 20 items in 1677ms
2026-08-02 12:50:47.89 | INFO    | NETWORK  | [PhoneZona] GET -> Status 200 OK (4195ms)
2026-08-02 12:50:49.33 | INFO    | PARSER   | [Siaifon] Extracted 60 items in 2008ms
2026-08-02 12:50:50.10 | INFO    | PARSER   | [PhoneZona] Extracted 15 items in 2206ms
2026-08-02 12:50:52.52 | INFO    | NETWORK  | [MobileSentrix EU] GET -> Status 200 OK (8837ms)
2026-08-02 12:50:54.32 | WARNING | PARSER   | [MobileSentrix EU] 0 items found in 1790ms!
2026-08-02 12:50:54.32 | SUCCESS | API      | SEARCH COMPLETED -> Found 196 items across all sites in 10.75s
2026-08-02 12:52:29.04 | SUCCESS | SYSTEM   | AKS Price Checker server booted up and ready for requests!
2026-08-02 12:54:07.28 | SUCCESS | SYSTEM   | AKS Price Checker server booted up and ready for requests!
2026-08-02 12:54:08.74 | SUCCESS | SYSTEM   | AKS Price Checker server booted up and ready for requests!
2026-08-02 12:54:10.63 | SUCCESS | SYSTEM   | AKS Price Checker server booted up and ready for requests!
2026-08-02 12:54:17.37 | INFO    | API      | SEARCH REQUEST -> Category: 'phone', Query: 'IPhone 13'
2026-08-02 12:54:17.37 | INFO    | SYSTEM   | Launching concurent search across 8 'phone' sites for: 'IPhone 13'
2026-08-02 12:54:17.49 | INFO    | NETWORK  | [MobileSentrix EU] Launching Playwright to render Searchanise results...
2026-08-02 12:54:17.50 | INFO    | NETWORK  | [MasterClub] Fetching homepage for fresh session & security_hash...
2026-08-02 12:54:17.87 | INFO    | NETWORK  | [Smenime] GET -> Status 200 OK (379ms)
2026-08-02 12:54:17.98 | INFO    | PARSER   | [Smenime] Extracted 4 items in 106ms
2026-08-02 12:54:18.40 | INFO    | NETWORK  | [GagoGSM] GET -> Status 200 OK (904ms)
2026-08-02 12:54:18.53 | INFO    | NETWORK  | [Siaifon] GET -> Status 200 OK (1026ms)
2026-08-02 12:54:18.63 | INFO    | NETWORK  | [Cellphone BG] GET -> Status 200 OK (1146ms)
2026-08-02 12:54:20.44 | INFO    | PARSER   | [Cellphone BG] Extracted 19 items in 1798ms
2026-08-02 12:54:20.86 | INFO    | NETWORK  | [Alpha Mobile] GET -> Status 200 OK (3373ms)
2026-08-02 12:54:21.86 | INFO    | PARSER   | [MasterClub] Extracted 20 items in 1132ms
2026-08-02 12:54:22.33 | INFO    | PARSER   | [GagoGSM] Extracted 28 items in 3923ms
2026-08-02 12:54:22.56 | INFO    | PARSER   | [Siaifon] Extracted 60 items in 4017ms
2026-08-02 12:54:22.56 | INFO    | PARSER   | [Alpha Mobile] Extracted 50 items in 1606ms
2026-08-02 12:54:22.57 | INFO    | NETWORK  | [PhoneZona] GET -> Status 200 OK (5078ms)
2026-08-02 12:54:24.15 | INFO    | PARSER   | [PhoneZona] Extracted 15 items in 1571ms
2026-08-02 12:54:40.16 | WARNING | NETWORK  | [MobileSentrix EU] Selector timeout, applying 3s fallback delay...
2026-08-02 12:54:43.89 | WARNING | PARSER   | [MobileSentrix EU] 0 items found in 437ms!
2026-08-02 12:54:43.89 | SUCCESS | API      | SEARCH COMPLETED -> Found 196 items across all sites in 26.52s
2026-08-02 12:57:02.88 | SUCCESS | SYSTEM   | AKS Price Checker server booted up and ready for requests!
2026-08-02 12:57:11.55 | INFO    | API      | SEARCH REQUEST -> Category: 'phone', Query: 'IPhone 13'
2026-08-02 12:57:11.55 | INFO    | SYSTEM   | Launching concurent search across 8 'phone' sites for: 'IPhone 13'
2026-08-02 12:57:11.67 | INFO    | NETWORK  | [MobileSentrix EU] Launching Playwright to render search results...
2026-08-02 12:57:11.68 | INFO    | NETWORK  | [MasterClub] Fetching homepage for fresh session & security_hash...
2026-08-02 12:57:12.14 | INFO    | NETWORK  | [Cellphone BG] GET -> Status 200 OK (468ms)
2026-08-02 12:57:12.23 | INFO    | NETWORK  | [Smenime] GET -> Status 200 OK (552ms)
2026-08-02 12:57:12.61 | INFO    | PARSER   | [Smenime] Extracted 4 items in 364ms
2026-08-02 12:57:13.53 | INFO    | NETWORK  | [GagoGSM] GET -> Status 200 OK (1853ms)
2026-08-02 12:57:13.54 | INFO    | NETWORK  | [Alpha Mobile] GET -> Status 200 OK (1859ms)
2026-08-02 12:57:13.70 | INFO    | NETWORK  | [Siaifon] GET -> Status 200 OK (2017ms)
2026-08-02 12:57:13.77 | INFO    | PARSER   | [Cellphone BG] Extracted 19 items in 1623ms
2026-08-02 12:57:14.25 | INFO    | PARSER   | [Alpha Mobile] Extracted 50 items in 697ms
2026-08-02 12:57:16.57 | INFO    | PARSER   | [Siaifon] Extracted 60 items in 2848ms
2026-08-02 12:57:16.84 | INFO    | PARSER   | [MasterClub] Extracted 20 items in 1390ms
2026-08-02 12:57:16.86 | INFO    | NETWORK  | [PhoneZona] GET -> Status 200 OK (5184ms)
2026-08-02 12:57:16.96 | INFO    | PARSER   | [GagoGSM] Extracted 28 items in 3423ms
2026-08-02 12:57:18.38 | INFO    | PARSER   | [PhoneZona] Extracted 15 items in 1497ms
2026-08-02 12:57:23.40 | WARNING | PARSER   | [MobileSentrix EU] 0 items found in 311ms!
2026-08-02 12:57:23.40 | SUCCESS | API      | SEARCH COMPLETED -> Found 196 items across all sites in 11.85s
2026-08-02 12:58:16.27 | SUCCESS | SYSTEM   | AKS Price Checker server booted up and ready for requests!
2026-08-02 12:58:18.86 | SUCCESS | SYSTEM   | AKS Price Checker server booted up and ready for requests!
2026-08-02 12:59:30.30 | SUCCESS | SYSTEM   | AKS Price Checker server booted up and ready for requests!
2026-08-02 12:59:33.34 | INFO    | API      | SEARCH REQUEST -> Category: 'phone', Query: 'IPhone 13'
2026-08-02 12:59:33.34 | INFO    | SYSTEM   | Launching concurent search across 8 'phone' sites for: 'IPhone 13'
2026-08-02 12:59:33.44 | INFO    | NETWORK  | [MobileSentrix EU] Launching Playwright to render search results...
2026-08-02 12:59:33.44 | INFO    | NETWORK  | [MasterClub] Fetching homepage for fresh session & security_hash...
2026-08-02 12:59:33.86 | INFO    | NETWORK  | [Cellphone BG] GET -> Status 200 OK (426ms)
2026-08-02 12:59:33.96 | INFO    | NETWORK  | [Smenime] GET -> Status 200 OK (515ms)
2026-08-02 12:59:34.17 | INFO    | PARSER   | [Smenime] Extracted 4 items in 199ms
2026-08-02 12:59:35.09 | INFO    | NETWORK  | [GagoGSM] GET -> Status 200 OK (1647ms)
2026-08-02 12:59:35.60 | INFO    | PARSER   | [Cellphone BG] Extracted 19 items in 1733ms
2026-08-02 12:59:35.60 | INFO    | NETWORK  | [Siaifon] GET -> Status 200 OK (2156ms)
2026-08-02 12:59:35.84 | INFO    | NETWORK  | [Alpha Mobile] GET -> Status 200 OK (2400ms)
2026-08-02 12:59:36.86 | INFO    | PARSER   | [Alpha Mobile] Extracted 50 items in 1008ms
2026-08-02 12:59:37.44 | INFO    | NETWORK  | [PhoneZona] GET -> Status 200 OK (3993ms)
2026-08-02 12:59:38.43 | INFO    | PARSER   | [MasterClub] Extracted 20 items in 1190ms
2026-08-02 12:59:39.78 | INFO    | PARSER   | [Siaifon] Extracted 60 items in 4151ms
2026-08-02 12:59:39.83 | INFO    | PARSER   | [GagoGSM] Extracted 28 items in 4727ms
2026-08-02 12:59:40.84 | INFO    | PARSER   | [PhoneZona] Extracted 15 items in 3373ms
2026-08-02 12:59:46.71 | WARNING | PARSER   | [MobileSentrix EU] 0 items found in 325ms!
2026-08-02 12:59:46.71 | WARNING | PARSER   | [MobileSentrix EU] 0 items found in 325ms!
2026-08-02 12:59:46.71 | INFO    | PARSER   | [MobileSentrix EU] HTML dumped to mobilesentrix_eu_debug.html
2026-08-02 12:59:46.72 | SUCCESS | API      | SEARCH COMPLETED -> Found 196 items across all sites in 13.38s
2026-08-02 13:01:15.49 | SUCCESS | SYSTEM   | AKS Price Checker server booted up and ready for requests!
2026-08-02 13:01:28.19 | SUCCESS | SYSTEM   | AKS Price Checker server booted up and ready for requests!
2026-08-02 13:01:43.56 | SUCCESS | SYSTEM   | AKS Price Checker server booted up and ready for requests!
2026-08-02 13:01:45.80 | SUCCESS | SYSTEM   | AKS Price Checker server booted up and ready for requests!
2026-08-02 13:01:54.44 | INFO    | API      | SEARCH REQUEST -> Category: 'phone', Query: 'IPhone 13'
2026-08-02 13:01:54.44 | INFO    | SYSTEM   | Launching concurent search across 8 'phone' sites for: 'IPhone 13'
2026-08-02 13:01:54.54 | INFO    | NETWORK  | [MobileSentrix EU] Launching Playwright to render search results...
2026-08-02 13:01:54.54 | INFO    | NETWORK  | [MasterClub] Fetching homepage for fresh session & security_hash...
2026-08-02 13:01:54.89 | INFO    | NETWORK  | [Cellphone BG] GET -> Status 200 OK (357ms)
2026-08-02 13:01:55.21 | INFO    | NETWORK  | [Smenime] GET -> Status 200 OK (667ms)
2026-08-02 13:01:55.50 | INFO    | PARSER   | [Smenime] Extracted 4 items in 276ms
2026-08-02 13:01:56.25 | INFO    | PARSER   | [Cellphone BG] Extracted 19 items in 1357ms
2026-08-02 13:01:56.26 | INFO    | NETWORK  | [Alpha Mobile] GET -> Status 200 OK (1719ms)
2026-08-02 13:01:56.44 | INFO    | NETWORK  | [Siaifon] GET -> Status 200 OK (1898ms)
2026-08-02 13:01:56.64 | INFO    | PARSER   | [Alpha Mobile] Extracted 50 items in 383ms
2026-08-02 13:01:57.07 | INFO    | NETWORK  | [PhoneZona] GET -> Status 200 OK (2526ms)
2026-08-02 13:01:57.92 | INFO    | PARSER   | [MasterClub] Extracted 20 items in 1043ms
2026-08-02 13:01:59.18 | INFO    | PARSER   | [Siaifon] Extracted 60 items in 2728ms
2026-08-02 13:01:59.95 | INFO    | PARSER   | [PhoneZona] Extracted 15 items in 2864ms
2026-08-02 13:02:06.15 | INFO    | NETWORK  | [GagoGSM] GET -> Status 200 OK (11609ms)
2026-08-02 13:02:07.74 | INFO    | PARSER   | [GagoGSM] Extracted 28 items in 1593ms
2026-08-02 13:02:11.20 | WARNING | NETWORK  | [MobileSentrix EU] Selector timeout, applying 2s fallback delay...
2026-08-02 13:02:13.84 | WARNING | PARSER   | [MobileSentrix EU] 0 items found in 379ms!
2026-08-02 13:02:13.84 | WARNING | PARSER   | [MobileSentrix EU] 0 items found in 379ms!
2026-08-02 13:02:13.85 | INFO    | PARSER   | [MobileSentrix EU] HTML dumped to mobilesentrix_eu_debug.html
2026-08-02 13:02:13.85 | SUCCESS | API      | SEARCH COMPLETED -> Found 196 items across all sites in 19.41s
2026-08-02 13:06:30.46 | SUCCESS | SYSTEM   | AKS Price Checker server booted up and ready for requests!
2026-08-02 13:06:32.22 | SUCCESS | SYSTEM   | AKS Price Checker server booted up and ready for requests!
2026-08-02 13:06:44.98 | SUCCESS | SYSTEM   | AKS Price Checker server booted up and ready for requests!
2026-08-02 13:06:59.54 | SUCCESS | SYSTEM   | AKS Price Checker server booted up and ready for requests!
2026-08-02 13:07:03.98 | SUCCESS | SYSTEM   | AKS Price Checker server booted up and ready for requests!
2026-08-02 13:07:06.51 | INFO    | API      | SEARCH REQUEST -> Category: 'phone', Query: 'IPhone 13'
2026-08-02 13:07:06.52 | INFO    | SYSTEM   | Launching concurent search across 8 'phone' sites for: 'IPhone 13'
2026-08-02 13:07:06.62 | INFO    | NETWORK  | [MobileSentrix EU] Launching Playwright to render search results...
2026-08-02 13:07:06.63 | INFO    | NETWORK  | [MasterClub] Fetching homepage for fresh session & security_hash...
2026-08-02 13:07:06.95 | INFO    | NETWORK  | [Cellphone BG] GET -> Status 200 OK (329ms)
2026-08-02 13:07:07.28 | INFO    | NETWORK  | [Smenime] GET -> Status 200 OK (658ms)
2026-08-02 13:07:07.53 | INFO    | PARSER   | [Smenime] Extracted 4 items in 237ms
2026-08-02 13:07:08.36 | INFO    | NETWORK  | [GagoGSM] GET -> Status 200 OK (1733ms)
2026-08-02 13:07:08.42 | INFO    | PARSER   | [Cellphone BG] Extracted 19 items in 1473ms
2026-08-02 13:07:08.51 | INFO    | NETWORK  | [Siaifon] GET -> Status 200 OK (1887ms)
2026-08-02 13:07:08.53 | INFO    | NETWORK  | [Alpha Mobile] GET -> Status 200 OK (1906ms)
2026-08-02 13:07:09.36 | INFO    | PARSER   | [Alpha Mobile] Extracted 50 items in 790ms
2026-08-02 13:07:10.94 | INFO    | PARSER   | [MasterClub] Extracted 20 items in 1050ms
2026-08-02 13:07:11.05 | INFO    | NETWORK  | [PhoneZona] GET -> Status 200 OK (4428ms)
2026-08-02 13:07:12.10 | INFO    | PARSER   | [Siaifon] Extracted 60 items in 3572ms
2026-08-02 13:07:12.23 | INFO    | PARSER   | [GagoGSM] Extracted 28 items in 3864ms
2026-08-02 13:07:13.33 | INFO    | PARSER   | [PhoneZona] Extracted 15 items in 2267ms
2026-08-02 13:07:25.59 | WARNING | NETWORK  | [MobileSentrix EU] Selector timeout, applying 2s fallback delay...
2026-08-02 13:07:28.21 | INFO    | PARSER   | [MobileSentrix EU] Extracted 42 items in 362ms
2026-08-02 13:07:28.21 | SUCCESS | API      | SEARCH COMPLETED -> Found 238 items across all sites in 21.7s
2026-08-02 13:07:53.91 | SUCCESS | SYSTEM   | AKS Price Checker server booted up and ready for requests!
2026-08-02 13:11:11.04 | INFO    | API      | SEARCH REQUEST -> Category: 'phone', Query: 'IPhone 13'
2026-08-02 13:11:11.04 | INFO    | SYSTEM   | Launching concurent search across 8 'phone' sites for: 'IPhone 13'
2026-08-02 13:11:11.16 | INFO    | NETWORK  | [MobileSentrix EU] Launching Playwright to render search results...
2026-08-02 13:11:11.17 | INFO    | NETWORK  | [MasterClub] Fetching homepage for fresh session & security_hash...
2026-08-02 13:11:11.49 | INFO    | NETWORK  | [Cellphone BG] GET -> Status 200 OK (331ms)
2026-08-02 13:11:11.75 | INFO    | NETWORK  | [Smenime] GET -> Status 200 OK (586ms)
2026-08-02 13:11:12.22 | INFO    | PARSER   | [Smenime] Extracted 4 items in 462ms
2026-08-02 13:11:13.39 | INFO    | NETWORK  | [GagoGSM] GET -> Status 200 OK (2230ms)
2026-08-02 13:11:14.07 | INFO    | NETWORK  | [Alpha Mobile] GET -> Status 200 OK (2908ms)
2026-08-02 13:11:14.24 | INFO    | NETWORK  | [Siaifon] GET -> Status 200 OK (3073ms)
2026-08-02 13:11:14.60 | INFO    | PARSER   | [Cellphone BG] Extracted 19 items in 3100ms
2026-08-02 13:11:14.88 | INFO    | PARSER   | [Alpha Mobile] Extracted 50 items in 769ms
2026-08-02 13:11:16.39 | INFO    | PARSER   | [Siaifon] Extracted 60 items in 2130ms
2026-08-02 13:11:16.95 | INFO    | PARSER   | [GagoGSM] Extracted 28 items in 3534ms
2026-08-02 13:11:17.00 | INFO    | NETWORK  | [PhoneZona] GET -> Status 200 OK (5834ms)
2026-08-02 13:11:17.29 | INFO    | PARSER   | [MasterClub] Extracted 20 items in 885ms
2026-08-02 13:11:18.69 | INFO    | PARSER   | [PhoneZona] Extracted 15 items in 1666ms
2026-08-02 13:11:32.60 | WARNING | NETWORK  | [MobileSentrix EU] Selector timeout, applying 2s fallback delay...
2026-08-02 13:11:35.27 | INFO    | PARSER   | [MobileSentrix EU] Extracted 42 items in 405ms
2026-08-02 13:11:35.27 | SUCCESS | API      | SEARCH COMPLETED -> Found 238 items across all sites in 24.22s
2026-08-02 13:14:09.58 | INFO    | API      | SEARCH REQUEST -> Category: 'pc', Query: 'ThinkPad'
2026-08-02 13:14:09.58 | INFO    | SYSTEM   | Launching concurent search across 3 'pc' sites for: 'ThinkPad'
2026-08-02 13:14:09.61 | INFO    | NETWORK  | [LaptopRemont] Launching Playwright to bypass SuperJS challenge...
2026-08-02 13:14:10.14 | INFO    | NETWORK  | [Bazar] GET -> Status 200 OK (526ms)
2026-08-02 13:14:10.47 | INFO    | PARSER   | [Bazar] Extracted 68 items in 328ms
2026-08-02 13:14:12.26 | INFO    | PARSER   | [OLX] Extracted 51 items in 269ms
2026-08-02 13:14:14.30 | INFO    | PARSER   | [LaptopRemont] Extracted 17 items in 154ms
2026-08-02 13:14:14.31 | SUCCESS | API      | SEARCH COMPLETED -> Found 136 items across all sites in 4.73s
2026-08-02 13:17:02.42 | SUCCESS | API      | CACHE HIT -> Return instant results for 'Iphone 13' (phone)
2026-08-02 13:17:20.79 | SUCCESS | API      | CACHE HIT -> Return instant results for 'ThinkPad' (pc)
2026-08-02 13:17:35.23 | INFO    | API      | SEARCH REQUEST -> Category: 'phone', Query: 'ThinkPad'
2026-08-02 13:17:35.23 | INFO    | SYSTEM   | Launching concurent search across 8 'phone' sites for: 'ThinkPad'
2026-08-02 13:17:35.26 | INFO    | NETWORK  | [MobileSentrix EU] Launching Playwright to render search results...
2026-08-02 13:17:35.27 | INFO    | NETWORK  | [MasterClub] Fetching homepage for fresh session & security_hash...
2026-08-02 13:17:35.69 | INFO    | NETWORK  | [Smenime] GET -> Status 200 OK (428ms)
2026-08-02 13:17:35.73 | WARNING | PARSER   | [Smenime] 0 items found in 28ms!
2026-08-02 13:17:35.73 | WARNING | PARSER   | [Smenime] 0 items found in 28ms!
2026-08-02 13:17:35.73 | INFO    | NETWORK  | [Cellphone BG] GET -> Status 200 OK (471ms)
2026-08-02 13:17:35.79 | WARNING | PARSER   | [Cellphone BG] 0 items found in 60ms!
2026-08-02 13:17:35.80 | WARNING | PARSER   | [Cellphone BG] 0 items found in 60ms!
2026-08-02 13:17:36.15 | INFO    | NETWORK  | [Siaifon] GET -> Status 200 OK (879ms)
2026-08-02 13:17:36.38 | INFO    | NETWORK  | [Alpha Mobile] GET -> Status 200 OK (1115ms)
2026-08-02 13:17:36.54 | WARNING | PARSER   | [Alpha Mobile] 0 items found in 155ms!
2026-08-02 13:17:36.54 | WARNING | PARSER   | [Alpha Mobile] 0 items found in 155ms!
2026-08-02 13:17:36.64 | INFO    | NETWORK  | [GagoGSM] GET -> Status 200 OK (1375ms)
2026-08-02 13:17:37.34 | WARNING | PARSER   | [GagoGSM] 0 items found in 687ms!
2026-08-02 13:17:37.34 | WARNING | PARSER   | [GagoGSM] 0 items found in 687ms!
2026-08-02 13:17:37.40 | INFO    | PARSER   | [MasterClub] Extracted 2 items in 588ms
2026-08-02 13:17:37.57 | WARNING | PARSER   | [Siaifon] 0 items found in 1411ms!
2026-08-02 13:17:37.57 | WARNING | PARSER   | [Siaifon] 0 items found in 1411ms!
2026-08-02 13:17:37.57 | INFO    | NETWORK  | [PhoneZona] GET -> Status 200 OK (2302ms)
2026-08-02 13:17:39.40 | WARNING | PARSER   | [PhoneZona] 0 items found in 1821ms!
2026-08-02 13:17:39.40 | WARNING | PARSER   | [PhoneZona] 0 items found in 1821ms!
